year,CSIRO_ACCESS-ESM1-5_r1i1p1f1,MOHC_HadGEM3-GC31-LL_r3i1p1f3,CCCma_CanESM5_r2i1p1f1,MOHC_HadGEM3-GC31-LL_r4i1p1f3,NOAA-GFDL_GFDL-CM4_r1i1p1f1,MIROC_MIROC-ES2L_r1i1p1f2,MOHC_UKESM1-0-LL_r1i1p1f2,NCC_NorCPM1_r1i1p1f1,NCC_NorESM2-LM_r1i1p1f1,CCCma_CanESM5_r2i1p2f1,CAMS_CAMS-CSM1-0_r2i1p1f1,MIROC_MIROC6_r1i1p1f1,MOHC_HadGEM3-GC31-LL_r2i1p1f3,CSIRO-ARCCSS_ACCESS-CM2_r1i1p1f1,IPSL_IPSL-CM6A-LR_r1i1p1f1,MOHC_UKESM1-0-LL_r2i1p1f2,CNRM-CERFACS_CNRM-CM6-1_r1i1p1f2,MRI_MRI-ESM2-0_r1i2p1f1,CCCma_CanESM5_r1i1p2f1,MOHC_HadGEM3-GC31-LL_r1i1p1f3,MOHC_UKESM1-0-LL_r3i1p1f2,MRI_MRI-ESM2-0_r1i1p1f1,CCCma_CanESM5_r3i1p1f1,NASA-GISS_GISS-E2-1-H_r1i1p1f1,INM_INM-CM4-8_r1i1p1f1,CNRM-CERFACS_CNRM-ESM2-1_r4i1p1f2,CCCma_CanESM5_r3i1p2f1,NCAR_CESM2-WACCM_r1i1p1f1,CNRM-CERFACS_CNRM-ESM2-1_r3i1p1f2,NASA-GISS_GISS-E2-1-G_r102i1p1f1,MOHC_UKESM1-0-LL_r4i1p1f2,E3SM-Project_E3SM-1-0_r1i1p1f1,CCCma_CanESM5_r1i1p1f1,BCC_BCC-ESM1_r1i1p1f1,NASA-GISS_GISS-E2-1-G_r101i1p1f1,NASA-GISS_GISS-E2-1-G_r1i1p3f1,MPI-M_MPI-ESM1-2-HR_r1i1p1f1,CNRM-CERFACS_CNRM-ESM2-1_r2i1p1f2,MPI-M_MPI-ESM1-2-LR_r1i1p1f1,NASA-GISS_GISS-E2-1-G_r1i1p1f1,CAMS_CAMS-CSM1-0_r1i1p1f1,SNU_SAM0-UNICON_r1i1p1f1,NCAR_CESM2_r1i1p1f1,CNRM-CERFACS_CNRM-ESM2-1_r1i1p1f2
1,,,,,79.883,,,45.254055,101.05646,,,,,,,,,,,,,,,,,,,100.4686,,,,99.037384,,,,,,,,,,,99.2583,
2,,,,,79.51188,,,45.229534,100.540794,,,,,,,,,,,,,,,,,,,99.97408,,,,98.54568,,,,,,,,,,,98.21497,
3,,,,,80.03394,,,45.108704,101.02252,,,,,,,,,,,,,,,,,,,100.54428,,,,98.653046,,,,,,,,,,,99.62988,
4,,,,,79.80866,,,45.06967,101.66571,,,,,,,,,,,,,,,,,,,100.9287,,,,98.81431,,,,,,,,,,,99.194145,
5,,,,,79.50338,,,45.235607,100.876915,,,,,,,,,,,,,,,,,,,101.00742,,,,98.77474,,,,,,,,,,,98.66624,
6,,,,,79.76013,,,45.206112,101.27691,,,,,,,,,,,,,,,,,,,100.6163,,,,98.89904,,,,,,,,,,,98.66152,
7,,,,,79.67774,,,44.941822,102.093285,,,,,,,,,,,,,,,,,,,99.93293,,,,99.21848,,,,,,,,,,,98.670746,
8,,,,,79.835594,,,45.019306,101.90981,,,,,,,,,,,,,,,,,,,100.16669,,,,98.70426,,,,,,,,,,,98.38705,
9,,,,,79.85576,,,44.90691,102.02795,,,,,,,,,,,,,,,,,,,100.41692,,,,98.59405,,,,,,,,,,,98.740425,
10,,,,,79.43963,,,44.97606,100.94763,,,,,,,,,,,,,,,,,,,100.54987,,,,99.10371,,,,,,,,,,,98.72117,
11,,,,,79.78305,,,44.816803,100.76412,,,,,,,,,,,,,,,,,,,100.78085,,,,98.78956,,,,,,,,,,,98.99036,
12,,,,,79.69427,,,44.91269,100.590096,,,,,,,,,,,,,,,,,,,100.03137,,,,98.94926,,,,,,,,,,,98.77511,
13,,,,,79.576546,,,44.932056,101.02819,,,,,,,,,,,,,,,,,,,100.35266,,,,98.93598,,,,,,,,,,,98.81794,
14,,,,,79.73159,,,45.040604,100.23663,,,,,,,,,,,,,,,,,,,99.924225,,,,99.11578,,,,,,,,,,,98.685326,
15,,,,,79.84847,,,45.08954,100.83245,,,,,,,,,,,,,,,,,,,99.90729,,,,98.24946,,,,,,,,,,,99.03153,
16,,,,,79.7643,,,45.09134,100.73713,,,,,,,,,,,,,,,,,,,100.06824,,,,98.03936,,,,,,,,,,,98.91745,
17,,,,,79.19537,,,45.064365,100.67929,,,,,,,,,,,,,,,,,,,99.90031,,,,98.03021,,,,,,,,,,,98.474,
18,,,,,79.89524,,,44.88689,101.647705,,,,,,,,,,,,,,,,,,,100.10728,,,,98.18543,,,,,,,,,,,99.37771,
19,,,,,79.59733,,,44.852093,101.19474,,,,,,,,,,,,,,,,,,,100.100746,,,,98.32969,,,,,,,,,,,98.92981,
20,,,,,79.620285,,,44.753254,100.5427,,,,,,,,,,,,,,,,,,,99.56583,,,,98.14264,,,,,,,,,,,98.37332,
21,,,,,79.732414,,,44.98834,101.08764,,,,,,,,,,,,,,,,,,,99.12919,,,,98.189514,,,,,,,,,,,98.06527,
22,,,,,79.46313,,,44.757732,101.68918,,,,,,,,,,,,,,,,,,,99.22805,,,,98.098366,,,,,,,,,,,97.88714,
23,,,,,79.53318,,,44.954437,101.24595,,,,,,,,,,,,,,,,,,,100.49979,,,,97.81106,,,,,,,,,,,98.02804,
24,,,,,79.63309,,,44.745564,100.84894,,,,,,,,,,,,,,,,,,,99.81132,,,,97.688416,,,,,,,,,,,98.772,
25,,,,,79.54673,,,44.78137,100.24786,,,,,,,,,,,,,,,,,,,99.42368,,,,98.353,,,,,,,,,,,98.503845,
26,,,,,79.67487,,,44.79756,100.638245,,,,,,,,,,,,,,,,,,,99.38233,,,,98.09924,,,,,,,,,,,98.47589,
27,,,,,79.52599,,,44.82033,101.37152,,,,,,,,,,,,,,,,,,,98.51527,,,,97.871895,,,,,,,,,,,99.412025,
28,,,,,79.334114,,,44.928467,100.70374,,,,,,,,,,,,,,,,,,,99.44907,,,,97.7044,,,,,,,,,,,99.097595,
29,,,,,79.673325,,,44.925396,100.78777,,,,,,,,,,,,,,,,,,,99.954185,,,,97.60409,,,,,,,,,,,98.335304,
30,,,,,79.48174,,,44.95413,100.33661,,,,,,,,,,,,,,,,,,,99.10135,,,,98.690186,,,,,,,,,,,97.539154,
31,,,,,79.26497,,,44.97096,100.45051,,,,,,,,,,,,,,,,,,,99.24784,,,,97.802925,,,,,,,,,,,98.55194,
32,,,,,79.174934,,,44.857883,101.527565,,,,,,,,,,,,,,,,,,,98.7999,,,,97.72827,,,,,,,,,,,98.14377,
33,,,,,79.34774,,,44.971558,101.186165,,,,,,,,,,,,,,,,,,,98.95593,,,,98.099785,,,,,,,,,,,97.205956,
34,,,,,79.11237,,,44.776913,100.06729,,,,,,,,,,,,,,,,,,,98.95876,,,,97.92078,,,,,,,,,,,97.1655,
35,,,,,79.344,,,44.653442,101.338684,,,,,,,,,,,,,,,,,,,99.816315,,,,97.48579,,,,,,,,,,,97.66763,
36,,,,,79.03368,,,44.81413,100.932106,,,,,,,,,,,,,,,,,,,99.22168,,,,97.71622,,,,,,,,,,,97.83671,
37,,,,,79.14539,,,44.78922,100.75901,,,,,,,,,,,,,,,,,,,98.712006,,,,97.59933,,,,,,,,,,,98.226204,
38,,,,,79.191666,,,44.57666,100.13892,,,,,,,,,,,,,,,,,,,99.69864,,,,97.398506,,,,,,,,,,,98.923035,
39,,,,,79.27384,,,44.75128,100.13372,,,,,,,,,,,,,,,,,,,99.295296,,,,97.12919,,,,,,,,,,,98.01566,
40,,,,,79.06568,,,44.6467,101.657616,,,,,,,,,,,,,,,,,,,98.91523,,,,97.82305,,,,,,,,,,,97.35703,
41,,,,,78.95083,,,44.564182,101.05355,,,,,,,,,,,,,,,,,,,98.20113,,,,97.412315,,,,,,,,,,,96.947624,
42,,,,,79.15363,,,44.703068,99.99433,,,,,,,,,,,,,,,,,,,99.22561,,,,97.00754,,,,,,,,,,,98.43571,
43,,,,,79.1844,,,44.566128,100.79482,,,,,,,,,,,,,,,,,,,98.494804,,,,97.87362,,,,,,,,,,,98.126015,
44,,,,,78.95144,,,44.770283,101.48446,,,,,,,,,,,,,,,,,,,97.87631,,,,97.261406,,,,,,,,,,,98.04999,
45,,,,,78.58903,,,44.550846,101.12363,,,,,,,,,,,,,,,,,,,99.724754,,,,97.53617,,,,,,,,,,,97.86306,
46,,,,,78.857155,,,44.7,100.81619,,,,,,,,,,,,,,,,,,,98.76551,,,,96.7826,,,,,,,,,,,97.42428,
47,,,,,78.57064,,,44.81772,100.477425,,,,,,,,,,,,,,,,,,,98.46337,,,,96.420616,,,,,,,,,,,97.64941,
48,,,,,78.78108,,,44.823826,100.8848,,,,,,,,,,,,,,,,,,,98.84066,,,,96.795685,,,,,,,,,,,97.248665,
49,,,,,79.07486,,,44.79611,101.09455,,,,,,,,,,,,,,,,,,,98.58318,,,,96.78122,,,,,,,,,,,97.1498,
50,,,,,78.78009,,,44.788284,100.842354,,,,,,,,,,,,,,,,,,,98.69392,,,,97.13767,,,,,,,,,,,97.95147,
51,,,,,78.59402,,,44.51854,101.3292,,,,,,,,,,,,,,,,,,,98.79513,,,,97.14936,,,,,,,,,,,97.24387,
52,,,,,78.891846,,,44.48969,100.92373,,,,,,,,,,,,,,,,,,,97.90719,,,,96.840454,,,,,,,,,,,96.91217,
53,,,,,78.87323,,,44.562775,100.41561,,,,,,,,,,,,,,,,,,,98.72949,,,,96.80326,,,,,,,,,,,97.55682,
54,,,,,78.64753,,,44.635838,99.568886,,,,,,,,,,,,,,,,,,,98.14621,,,,96.76342,,,,,,,,,,,97.01336,
55,,,,,78.661224,,,44.618153,100.36633,,,,,,,,,,,,,,,,,,,98.072754,,,,96.76754,,,,,,,,,,,97.52468,
56,,,,,79.17266,,,44.51811,100.4505,,,,,,,,,,,,,,,,,,,98.381615,,,,96.78254,,,,,,,,,,,97.35092,
57,,,,,78.489586,,,44.64459,101.112236,,,,,,,,,,,,,,,,,,,98.69976,,,,96.19247,,,,,,,,,,,96.78329,
58,,,,,78.50763,,,44.42439,100.59603,,,,,,,,,,,,,,,,,,,98.44448,,,,96.36874,,,,,,,,,,,97.26165,
59,,,,,78.93032,,,44.554565,99.829956,,,,,,,,,,,,,,,,,,,98.91976,,,,95.79816,,,,,,,,,,,96.72164,
60,,,,,78.5727,,,44.523647,100.0601,,,,,,,,,,,,,,,,,,,98.05973,,,,95.33721,,,,,,,,,,,97.0066,
61,,,,,78.39698,,,44.577103,100.05433,,,,,,,,,,,,,,,,,,,98.20703,,,,95.75158,,,,,,,,,,,96.9376,
62,,,,,79.16647,,,44.49007,100.50016,,,,,,,,,,,,,,,,,,,97.98889,,,,95.662315,,,,,,,,,,,97.14707,
63,,,,,78.55672,,,44.479675,101.376465,,,,,,,,,,,,,,,,,,,98.15307,,,,95.840904,,,,,,,,,,,96.55099,
64,,,,,78.51109,,,44.46446,101.7866,,,,,,,,,,,,,,,,,,,98.26061,,,,95.89661,,,,,,,,,,,97.219055,
65,,,,,78.64707,,,44.478516,100.10446,,,,,,,,,,,,,,,,,,,97.83722,,,,95.558136,,,,,,,,,,,96.71816,
66,,,,,78.66102,,,44.416355,100.57299,,,,,,,,,,,,,,,,,,,98.08301,,,,95.46896,,,,,,,,,,,97.12592,
67,,,,,78.579094,,,44.37524,100.813255,,,,,,,,,,,,,,,,,,,97.724236,,,,95.292694,,,,,,,,,,,97.13388,
68,,,,,78.11883,,,44.450443,100.930695,,,,,,,,,,,,,,,,,,,97.96743,,,,95.49076,,,,,,,,,,,96.77155,
69,,,,,78.73113,,,44.50087,100.197716,,,,,,,,,,,,,,,,,,,97.72375,,,,95.20103,,,,,,,,,,,96.72247,
70,,,,,78.56504,,,44.516766,101.494316,,,,,,,,,,,,,,,,,,,97.4865,,,,95.69403,,,,,,,,,,,96.36654,
71,,,,,78.23057,,,44.357193,100.38691,,,,,,,,,,,,,,,,,,,98.06017,,,,95.22095,,,,,,,,,,,96.648476,
72,,,,,78.7436,,,44.220287,100.129845,,,,,,,,,,,,,,,,,,,97.440285,,,,95.48637,,,,,,,,,,,96.783226,
73,,,,,78.31216,,,44.272472,101.11918,,,,,,,,,,,,,,,,,,,97.413536,,,,95.190285,,,,,,,,,,,96.64249,
74,,,,,78.106346,,,44.360462,100.76813,,,,,,,,,,,,,,,,,,,97.71924,,,,94.936035,,,,,,,,,,,96.42083,
75,,,,,78.55012,,,44.47879,100.5429,,,,,,,,,,,,,,,,,,,97.27427,,,,95.63125,,,,,,,,,,,96.42696,
76,,,,,78.38856,,,44.251877,100.65557,,,,,,,,,,,,,,,,,,,97.46694,,,,95.58189,,,,,,,,,,,96.48286,
77,,,,,77.876755,,,44.262924,101.64313,,,,,,,,,,,,,,,,,,,96.80424,,,,95.345184,,,,,,,,,,,96.13462,
78,,,,,78.350105,,,44.288425,100.42032,,,,,,,,,,,,,,,,,,,97.37482,,,,94.69608,,,,,,,,,,,96.77014,
79,,,,,77.845985,,,44.205196,100.55416,,,,,,,,,,,,,,,,,,,97.428925,,,,94.08701,,,,,,,,,,,96.196465,
80,,,,,77.962074,,,44.156834,100.47824,,,,,,,,,,,,,,,,,,,96.81018,,,,94.739555,,,,,,,,,,,96.57702,
81,,,,,78.183075,,,44.385956,101.65564,,,,,,,,,,,,,,,,,,,96.647766,,,,94.42517,,,,,,,,,,,95.639656,
82,,,,,78.243034,,,44.19956,100.60922,,,,,,,,,,,,,,,,,,,97.32224,,,,94.49862,,,,,,,,,,,96.909904,
83,,,,,78.12616,,,44.135273,101.266075,,,,,,,,,,,,,,,,,,,97.21393,,,,94.52264,,,,,,,,,,,96.49231,
84,,,,,78.23524,,,44.25395,100.72173,,,,,,,,,,,,,,,,,,,96.54504,,,,94.51114,,,,,,,,,,,95.99182,
85,,,,,78.2736,,,44.2459,101.04437,,,,,,,,,,,,,,,,,,,96.95309,,,,94.07249,,,,,,,,,,,96.32919,
86,,,,,77.93899,,,44.097855,101.6405,,,,,,,,,,,,,,,,,,,97.35742,,,,93.95417,,,,,,,,,,,96.56744,
87,,,,,77.74604,,,44.135147,100.2129,,,,,,,,,,,,,,,,,,,97.163605,,,,93.57867,,,,,,,,,,,95.602425,
88,,,,,78.14349,,,44.089092,101.01822,,,,,,,,,,,,,,,,,,,97.03887,,,,94.12841,,,,,,,,,,,95.7266,
89,,,,,77.9505,,,44.255016,101.17447,,,,,,,,,,,,,,,,,,,97.09973,,,,94.485016,,,,,,,,,,,96.32114,
90,,,,,78.22022,,,44.3304,99.90182,,,,,,,,,,,,,,,,,,,97.03335,,,,94.013245,,,,,,,,,,,95.013405,
91,,,,,77.98416,,,44.066372,100.33926,,,,,,,,,,,,,,,,,,,96.72683,,,,94.547295,,,,,,,,,,,95.77344,
92,,,,,78.00142,,,44.156803,100.90823,,,,,,,,,,,,,,,,,,,96.46155,,,,94.01236,,,,,,,,,,,96.01557,
93,,,,,77.90906,,,43.985733,101.21703,,,,,,,,,,,,,,,,,,,96.67716,,,,94.17087,,,,,,,,,,,95.577354,
94,,,,,77.89128,,,43.94351,99.95519,,,,,,,,,,,,,,,,,,,96.7428,,,,94.05346,,,,,,,,,,,95.32846,
95,,,,,78.13415,,,43.964542,100.08984,,,,,,,,,,,,,,,,,,,97.0794,,,,92.99891,,,,,,,,,,,95.49887,
96,,,,,77.85517,,,43.990208,100.39715,,,,,,,,,,,,,,,,,,,96.3869,,,,93.602516,,,,,,,,,,,95.56846,
97,,,,,77.75056,,,44.01041,100.48354,,,,,,,,,,,,,,,,,,,96.22681,,,,94.18975,,,,,,,,,,,95.99542,
98,,,,,77.73262,,,43.860157,100.628334,,,,,,,,,,,,,,,,,,,96.477425,,,,93.58121,,,,,,,,,,,95.16714,
99,,,,,77.58112,,,44.05167,99.93774,,,,,,,,,,,,,,,,,,,95.81043,,,,93.04998,,,,,,,,,,,95.52932,
100,,,,,77.9455,,,43.986267,100.69284,,,,,,,,,,,,,,,,,,,96.12061,,,,93.3993,,,,,,,,,,,95.5625,
101,96.800896,,,,77.30828,,,43.752666,101.30585,,,,,,,,,,,,,,,,,,,95.88611,,,,93.197624,,,,,,,,,,,95.74191,
102,96.517815,,,,77.775276,,,43.75533,99.60966,,,,,,,,,,,,,,,,,,,96.18075,,,,93.36084,,,,,,,,,,,95.04907,
103,97.16431,,,,77.433846,,,43.85611,100.522064,,,,,,,,,,,,,,,,,,,96.325554,,,,93.39789,,,,,,,,,,,95.11503,
104,96.82813,,,,77.73969,,,43.76953,101.361824,,,,,,,,,,,,,,,,,,,95.75599,,,,92.60642,,,,,,,,,,,94.976105,
105,96.3572,,,,77.27397,,,43.95518,100.78198,,,,,,,,,,,,,,,,,,,96.00668,,,,92.50156,,,,,,,,,,,95.02057,
106,96.60067,,,,77.84852,,,43.74649,99.91376,,,,,,,,,,,,,,,,,,,95.96462,,,,93.21573,,,,,,,,,,,94.74536,
107,96.29886,,,,77.239586,,,43.896618,100.14846,,,,,,,,,,,,,,,,,,,95.92484,,,,92.20291,,,,,,,,,,,94.66979,
108,96.1615,,,,77.276115,,,43.877193,101.00391,,,,,,,,,,,,,,,,,,,95.949394,,,,91.97019,,,,,,,,,,,94.66811,
109,96.482765,,,,77.64158,,,43.870472,100.86378,,,,,,,,,,,,,,,,,,,95.85273,,,,92.669655,,,,,,,,,,,94.483604,
110,96.44442,,,,77.53095,,,44.026066,99.21456,,,,,,,,,,,,,,,,,,,95.52081,,,,93.01239,,,,,,,,,,,94.79883,
111,96.446556,,,,77.2116,,,43.795742,99.50192,,,,,,,,,,,,,,,,,,,96.01151,,,,92.34283,,,,,,,,,,,94.67352,
112,96.27485,,,,77.35277,,,43.700348,100.98339,,,,,,,,,,,,,,,,,,,95.93161,,,,92.37182,,,,,,,,,,,94.938225,
113,96.069664,,,,77.25344,,,43.687775,100.05082,,,,,,,,,,,,,,,,,,,95.6137,,,,92.57495,,,,,,,,,,,94.68719,
114,96.0378,,,,77.18728,,,43.63791,99.69022,,,,,,,,,,,,,,,,,,,95.32584,,,,93.03778,,,,,,,,,,,93.879036,
115,96.28478,,,,77.27783,,,43.763134,100.34635,,,,,,,,,,,,,,,,,,,95.71948,,,,92.29803,,,,,,,,,,,94.94168,
116,95.580635,,,,77.25655,,,43.74704,100.33466,,,,,,,,,,,,,,,,,,,96.074745,,,,92.11389,,,,,,,,,,,94.164955,
117,96.20388,,,,77.105705,,,43.573895,100.83493,,,,,,,,,,,,,,,,,,,94.81525,,,,92.213936,,,,,,,,,,,93.8418,
118,95.96836,,,,76.85437,,,43.730396,99.96686,,,,,,,,,,,,,,,,,,,95.047935,,,,91.41744,,,,,,,,,,,94.57093,
119,96.25842,,,,77.496956,,,43.762714,100.027885,,,,,,,,,,,,,,,,,,,94.77529,,,,91.291145,,,,,,,,,,,93.922295,
120,96.295586,,,,77.21528,,,43.591156,99.88031,,,,,,,,,,,,,,,,,,,94.74267,,,,91.351234,,,,,,,,,,,93.91229,
121,95.80523,,,,76.71439,,,43.529373,101.10848,,,,,,,,,,,,,,,,,,,94.74169,,,,90.85599,,,,,,,,,,,93.843544,
122,95.996864,,,,77.40858,,,43.7158,99.78181,,,,,,,,,,,,,,,,,,,94.79418,,,,91.60807,,,,,,,,,,,94.15653,
123,96.23403,,,,76.82693,,,43.458294,98.863045,,,,,,,,,,,,,,,,,,,95.059685,,,,91.91504,,,,,,,,,,,93.7889,
124,95.407715,,,,77.282936,,,43.62271,100.23574,,,,,,,,,,,,,,,,,,,95.21323,,,,92.189545,,,,,,,,,,,93.610435,
125,95.83782,,,,76.885284,,,43.615997,100.27531,,,,,,,,,,,,,,,,,,,94.81309,,,,91.62093,,,,,,,,,,,93.74234,
126,95.387856,,,,76.58374,,,43.47257,100.3042,,,,,,,,,,,,,,,,,,,94.69123,,,,91.125916,,,,,,,,,,,93.29592,
127,95.75409,,,,76.78221,,,43.518147,98.73144,,,,,,,,,,,,,,,,,,,94.70872,,,,91.23102,,,,,,,,,,,93.582855,
128,95.52546,,,,76.51531,,,43.412914,99.66272,,,,,,,,,,,,,,,,,,,94.776634,,,,90.980835,,,,,,,,,,,93.575356,
129,95.66495,,,,76.78289,,,43.493835,100.75592,,,,,,,,,,,,,,,,,,,95.17423,,,,90.72165,,,,,,,,,,,93.7862,
130,95.71481,,,,77.26258,,,43.530045,99.67697,,,,,,,,,,,,,,,,,,,94.79357,,,,91.197105,,,,,,,,,,,93.36143,
131,95.52639,,,,76.657486,,,43.539074,99.92281,,,,,,,,,,,,,,,,,,,94.47823,,,,91.20694,,,,,,,,,,,93.24105,
132,95.50367,,,,76.433784,,,43.778927,98.50771,,,,,,,,,,,,,,,,,,,93.92136,,,,90.42655,,,,,,,,,,,93.13044,
133,95.54654,,,,76.94036,,,43.510647,99.464905,,,,,,,,,,,,,,,,,,,93.71279,,,,90.620705,,,,,,,,,,,93.5062,
134,95.52279,,,,76.71368,,,43.641235,100.124756,,,,,,,,,,,,,,,,,,,93.84226,,,,90.20105,,,,,,,,,,,93.23801,
135,95.32778,,,,76.51223,,,43.457233,98.97348,,,,,,,,,,,,,,,,,,,93.79108,,,,90.59845,,,,,,,,,,,92.822365,
136,95.26743,,,,76.495476,,,43.39371,99.607506,,,,,,,,,,,,,,,,,,,94.1688,,,,90.059204,,,,,,,,,,,93.216644,
137,95.43586,,,,76.85052,,,43.188293,99.75231,,,,,,,,,,,,,,,,,,,94.075806,,,,90.49012,,,,,,,,,,,92.84319,
138,95.13806,,,,76.66055,,,43.285233,99.32488,,,,,,,,,,,,,,,,,,,94.101906,,,,90.069725,,,,,,,,,,,93.00152,
139,95.225746,,,,76.18088,,,43.27269,99.09095,,,,,,,,,,,,,,,,,,,93.89881,,,,90.16024,,,,,,,,,,,93.35024,
140,95.381165,,,,76.575554,,,43.267887,99.808136,,,,,,,,,,,,,,,,,,,93.43687,,,,90.15121,,,,,,,,,,,92.73392,
141,95.544495,,,,76.51287,,,43.33252,100.08829,,,,,,,,,,,,,,,,,,,93.56497,,,,89.87821,,,,,,,,,,,92.83823,
142,95.25222,,,,76.42172,,,43.27391,99.584564,,,,,,,,,,,,,,,,,,,93.62191,,,,89.84957,,,,,,,,,,,92.50355,
143,95.24627,,,,76.94769,,,43.344814,98.99075,,,,,,,,,,,,,,,,,,,93.17621,,,,89.28955,,,,,,,,,,,92.70219,
144,94.92104,,,,76.465576,,,43.181366,99.425446,,,,,,,,,,,,,,,,,,,93.08898,,,,89.2902,,,,,,,,,,,91.961235,
145,94.97369,,,,76.42387,,,43.290726,100.203026,,,,,,,,,,,,,,,,,,,93.36048,,,,89.34875,,,,,,,,,,,92.023346,
146,95.19268,,,,76.23329,,,43.047993,98.34897,,,,,,,,,,,,,,,,,,,93.02146,,,,89.38531,,,,,,,,,,,91.73238,
147,95.16778,,,,76.50636,,,43.210598,99.164406,,,,,,,,,,,,,,,,,,,92.899414,,,,89.615814,,,,,,,,,,,91.77201,
148,95.354,,,,76.21986,,,43.242523,99.71836,,,,,,,,,,,,,,,,,,,93.39776,,,,89.55847,,,,,,,,,,,91.817955,
149,95.49883,,,,76.58954,,,43.123062,99.46108,,,,,,,,,,,,,,,,,,,93.22282,,,,89.49465,,,,,,,,,,,91.925804,
150,95.29092,,,,76.151726,,,43.26547,98.477234,,,,,,,,,,,,,,,,,,,92.86256,,,,88.80834,,,,,,,,,,,91.99884,
151,95.440895,,,,,,,43.2058,,,,,,,,,,,,,,,,,,,,,,,,,,,,,,,,,,,,
152,95.52531,,,,,,,42.967503,,,,,,,,,,,,,,,,,,,,,,,,,,,,,,,,,,,,
153,95.16821,,,,,,,43.092815,,,,,,,,,,,,,,,,,,,,,,,,,,,,,,,,,,,,
154,95.22851,,,,,,,43.056316,,,,,,,,,,,,,,,,,,,,,,,,,,,,,,,,,,,,
155,95.46957,,,,,,,42.931866,,,,,,,,,,,,,,,,,,,,,,,,,,,,,,,,,,,,
156,94.7994,,,,,,,43.02364,,,,,,,,,,,,,,,,,,,,,,,,,,,,,,,,,,,,
157,94.51483,,,,,,,43.03624,,,,,,,,,,,,,,,,,,,,,,,,,,,,,,,,,,,,
158,94.80964,,,,,,,43.037857,,,,,,,,,,,,,,,,,,,,,,,,,,,,,,,,,,,,
159,94.52188,,,,,,,42.89769,,,,,,,,,,,,,,,,,,,,,,,,,,,,,,,,,,,,
160,94.727715,,,,,,,43.052597,,,,,,,,,,,,,,,,,,,,,,,,,,,,,,,,,,,,
161,94.55487,,,,,,,42.986538,,,,,,,,,,,,,,,,,,,,,,,,,,,,,,,,,,,,
162,94.774864,,,,,,,43.056107,,,,,,,,,,,,,,,,,,,,,,,,,,,,,,,,,,,,
163,94.74912,,,,,,,42.91676,,,,,,,,,,,,,,,,,,,,,,,,,,,,,,,,,,,,
164,94.77445,,,,,,,42.746044,,,,,,,,,,,,,,,,,,,,,,,,,,,,,,,,,,,,
165,94.61259,,,,,,,,,,,,,,,,,,,,,,,,,,,,,,,,,,,,,,,,,,,
166,94.27572,,,,,,,,,,,,,,,,,,,,,,,,,,,,,,,,,,,,,,,,,,,
167,94.172356,,,,,,,,,,,,,,,,,,,,,,,,,,,,,,,,,,,,,,,,,,,
168,94.54255,,,,,,,,,,,,,,,,,,,,,,,,,,,,,,,,,,,,,,,,,,,
169,95.20151,,,,,,,,,,,,,,,,,,,,,,,,,,,,,,,,,,,,,,,,,,,
170,94.25512,,,,,,,,,,,,,,,,,,,,,,,,,,,,,,,,,,,,,,,,,,,
171,94.46652,,,,,,,,,,,,,,,,,,,,,,,,,,,,,,,,,,,,,,,,,,,
172,94.23642,,,,,,,,,,,,,,,,,,,,,,,,,,,,,,,,,,,,,,,,,,,
173,94.31814,,,,,,,,,,,,,,,,,,,,,,,,,,,,,,,,,,,,,,,,,,,
174,94.21273,,,,,,,,,,,,,,,,,,,,,,,,,,,,,,,,,,,,,,,,,,,
175,93.909424,,,,,,,,,,,,,,,,,,,,,,,,,,,,,,,,,,,,,,,,,,,
176,94.19775,,,,,,,,,,,,,,,,,,,,,,,,,,,,,,,,,,,,,,,,,,,
177,93.93157,,,,,,,,,,,,,,,,,,,,,,,,,,,,,,,,,,,,,,,,,,,
178,93.77549,,,,,,,,,,,,,,,,,,,,,,,,,,,,,,,,,,,,,,,,,,,
179,93.91556,,,,,,,,,,,,,,,,,,,,,,,,,,,,,,,,,,,,,,,,,,,
180,94.038734,,,,,,,,,,,,,,,,,,,,,,,,,,,,,,,,,,,,,,,,,,,
181,94.14224,,,,,,,,,,,,,,,,,,,,,,,,,,,,,,,,,,,,,,,,,,,
182,93.51666,,,,,,,,,,,,,,,,,,,,,,,,,,,,,,,,,,,,,,,,,,,
183,93.72965,,,,,,,,,,,,,,,,,,,,,,,,,,,,,,,,,,,,,,,,,,,
184,93.64496,,,,,,,,,,,,,,,,,,,,,,,,,,,,,,,,,,,,,,,,,,,
185,93.75357,,,,,,,,,,,,,,,,,,,,,,,,,,,,,,,,,,,,,,,,,,,
186,93.91721,,,,,,,,,,,,,,,,,,,,,,,,,,,,,,,,,,,,,,,,,,,
187,94.10023,,,,,,,,,,,,,,,,,,,,,,,,,,,,,,,,,,,,,,,,,,,
188,93.607994,,,,,,,,,,,,,,,,,,,,,,,,,,,,,,,,,,,,,,,,,,,
189,93.588585,,,,,,,,,,,,,,,,,,,,,,,,,,,,,,,,,,,,,,,,,,,
190,93.20834,,,,,,,,,,,,,,,,,,,,,,,,,,,,,,,,,,,,,,,,,,,
191,93.186485,,,,,,,,,,,,,,,,,,,,,,,,,,,,,,,,,,,,,,,,,,,
192,93.81927,,,,,,,,,,,,,,,,,,,,,,,,,,,,,,,,,,,,,,,,,,,
193,93.48419,,,,,,,,,,,,,,,,,,,,,,,,,,,,,,,,,,,,,,,,,,,
194,93.18435,,,,,,,,,,,,,,,,,,,,,,,,,,,,,,,,,,,,,,,,,,,
195,93.35621,,,,,,,,,,,,,,,,,,,,,,,,,,,,,,,,,,,,,,,,,,,
196,93.41626,,,,,,,,,,,,,,,,,,,,,,,,,,,,,,,,,,,,,,,,,,,
197,93.18768,,,,,,,,,,,,,,,,,,,,,,,,,,,,,,,,,,,,,,,,,,,
198,93.39547,,,,,,,,,,,,,,,,,,,,,,,,,,,,,,,,,,,,,,,,,,,
199,93.094475,,,,,,,,,,,,,,,,,,,,,,,,,,,,,,,,,,,,,,,,,,,
200,93.09795,,,,,,,,,,,,,,,,,,,,,,,,,,,,,,,,,,,,,,,,,,,
201,93.09916,,,,,,,,,,,,,,,,,,,,,,,,,,,,,,,,,,,,,,,,,,,
202,93.053955,,,,,,,,,,,,,,,,,,,,,,,,,,,,,,,,,,,,,,,,,,,
203,92.88556,,,,,,,,,,,,,,,,,,,,,,,,,,,,,,,,,,,,,,,,,,,
204,93.11906,,,,,,,,,,,,,,,,,,,,,,,,,,,,,,,,,,,,,,,,,,,
205,93.02732,,,,,,,,,,,,,,,,,,,,,,,,,,,,,,,,,,,,,,,,,,,
206,93.04188,,,,,,,,,,,,,,,,,,,,,,,,,,,,,,,,,,,,,,,,,,,
207,92.87686,,,,,,,,,,,,,,,,,,,,,,,,,,,,,,,,,,,,,,,,,,,
208,92.86335,,,,,,,,,,,,,,,,,,,,,,,,,,,,,,,,,,,,,,,,,,,
209,92.68899,,,,,,,,,,,,,,,,,,,,,,,,,,,,,,,,,,,,,,,,,,,
210,92.388695,,,,,,,,,,,,,,,,,,,,,,,,,,,,,,,,,,,,,,,,,,,
211,92.916565,,,,,,,,,,,,,,,,,,,,,,,,,,,,,,,,,,,,,,,,,,,
212,92.68707,,,,,,,,,,,,,,,,,,,,,,,,,,,,,,,,,,,,,,,,,,,
213,92.62207,,,,,,,,,,,,,,,,,,,,,,,,,,,,,,,,,,,,,,,,,,,
214,92.9136,,,,,,,,,,,,,,,,,,,,,,,,,,,,,,,,,,,,,,,,,,,
215,92.43631,,,,,,,,,,,,,,,,,,,,,,,,,,,,,,,,,,,,,,,,,,,
216,92.47518,,,,,,,,,,,,,,,,,,,,,,,,,,,,,,,,,,,,,,,,,,,
217,92.704094,,,,,,,,,,,,,,,,,,,,,,,,,,,,,,,,,,,,,,,,,,,
218,92.54434,,,,,,,,,,,,,,,,,,,,,,,,,,,,,,,,,,,,,,,,,,,
219,92.58474,,,,,,,,,,,,,,,,,,,,,,,,,,,,,,,,,,,,,,,,,,,
220,92.34855,,,,,,,,,,,,,,,,,,,,,,,,,,,,,,,,,,,,,,,,,,,
221,92.1246,,,,,,,,,,,,,,,,,,,,,,,,,,,,,,,,,,,,,,,,,,,
222,92.13563,,,,,,,,,,,,,,,,,,,,,,,,,,,,,,,,,,,,,,,,,,,
223,92.19439,,,,,,,,,,,,,,,,,,,,,,,,,,,,,,,,,,,,,,,,,,,
224,92.07492,,,,,,,,,,,,,,,,,,,,,,,,,,,,,,,,,,,,,,,,,,,
225,92.227135,,,,,,,,,,,,,,,,,,,,,,,,,,,,,,,,,,,,,,,,,,,
226,92.184845,,,,,,,,,,,,,,,,,,,,,,,,,,,,,,,,,,,,,,,,,,,
227,91.95316,,,,,,,,,,,,,,,,,,,,,,,,,,,,,,,,,,,,,,,,,,,
228,91.57013,,,,,,,,,,,,,,,,,,,,,,,,,,,,,,,,,,,,,,,,,,,
229,92.03077,,,,,,,,,,,,,,,,,,,,,,,,,,,,,,,,,,,,,,,,,,,
230,91.588326,,,,,,,,,,,,,,,,,,,,,,,,,,,,,,,,,,,,,,,,,,,
231,91.733765,,,,,,,,,,,,,,,,,,,,,,,,,,,,,,,,,,,,,,,,,,,
232,91.57285,,,,,,,,,,,,,,,,,,,,,,,,,,,,,,,,,,,,,,,,,,,
233,91.42385,,,,,,,,,,,,,,,,,,,,,,,,,,,,,,,,,,,,,,,,,,,
234,91.539276,,,,,,,,,,,,,,,,,,,,,,,,,,,,,,,,,,,,,,,,,,,
235,91.70472,,,,,,,,,,,,,,,,,,,,,,,,,,,,,,,,,,,,,,,,,,,
236,91.41818,,,,,,,,,,,,,,,,,,,,,,,,,,,,,,,,,,,,,,,,,,,
237,91.61468,,,,,,,,,,,,,,,,,,,,,,,,,,,,,,,,,,,,,,,,,,,
238,91.54577,,,,,,,,,,,,,,,,,,,,,,,,,,,,,,,,,,,,,,,,,,,
239,91.54663,,,,,,,,,,,,,,,,,,,,,,,,,,,,,,,,,,,,,,,,,,,
240,91.546936,,,,,,,,,,,,,,,,,,,,,,,,,,,,,,,,,,,,,,,,,,,
241,91.49814,,,,,,,,,,,,,,,,,,,,,,,,,,,,,,,,,,,,,,,,,,,
242,91.313484,,,,,,,,,,,,,,,,,,,,,,,,,,,,,,,,,,,,,,,,,,,
243,91.274994,,,,,,,,,,,,,,,,,,,,,,,,,,,,,,,,,,,,,,,,,,,
244,91.24152,,,,,,,,,,,,,,,,,,,,,,,,,,,,,,,,,,,,,,,,,,,
245,91.23087,,,,,,,,,,,,,,,,,,,,,,,,,,,,,,,,,,,,,,,,,,,
246,90.99641,,,,,,,,,,,,,,,,,,,,,,,,,,,,,,,,,,,,,,,,,,,
247,90.71339,,,,,,,,,,,,,,,,,,,,,,,,,,,,,,,,,,,,,,,,,,,
248,91.06574,,,,,,,,,,,,,,,,,,,,,,,,,,,,,,,,,,,,,,,,,,,
249,90.96435,,,,,,,,,,,,,,,,,,,,,,,,,,,,,,,,,,,,,,,,,,,
250,90.559746,,,,,,,,,,,,,,,,,,,,,,,,,,,,,,,,,,,,,,,,,,,
950,,,,,,,,,,,,,,97.75054,,,,,,,,,,,,,,,,,,,,,,,,,,,,,,
951,,,,,,,,,,,,,,97.97723,,,,,,,,,,,,,,,,,,,,,,,,,,,,,,
952,,,,,,,,,,,,,,97.84281,,,,,,,,,,,,,,,,,,,,,,,,,,,,,,
953,,,,,,,,,,,,,,97.701164,,,,,,,,,,,,,,,,,,,,,,,,,,,,,,
954,,,,,,,,,,,,,,97.90342,,,,,,,,,,,,,,,,,,,,,,,,,,,,,,
955,,,,,,,,,,,,,,98.040504,,,,,,,,,,,,,,,,,,,,,,,,,,,,,,
956,,,,,,,,,,,,,,97.80497,,,,,,,,,,,,,,,,,,,,,,,,,,,,,,
957,,,,,,,,,,,,,,97.80405,,,,,,,,,,,,,,,,,,,,,,,,,,,,,,
958,,,,,,,,,,,,,,97.7161,,,,,,,,,,,,,,,,,,,,,,,,,,,,,,
959,,,,,,,,,,,,,,97.752686,,,,,,,,,,,,,,,,,,,,,,,,,,,,,,
960,,,,,,,,,,,,,,97.7478,,,,,,,,,,,,,,,,,,,,,,,,,,,,,,
961,,,,,,,,,,,,,,97.60477,,,,,,,,,,,,,,,,,,,,,,,,,,,,,,
962,,,,,,,,,,,,,,97.86914,,,,,,,,,,,,,,,,,,,,,,,,,,,,,,
963,,,,,,,,,,,,,,97.67574,,,,,,,,,,,,,,,,,,,,,,,,,,,,,,
964,,,,,,,,,,,,,,97.567604,,,,,,,,,,,,,,,,,,,,,,,,,,,,,,
965,,,,,,,,,,,,,,97.351326,,,,,,,,,,,,,,,,,,,,,,,,,,,,,,
966,,,,,,,,,,,,,,96.65038,,,,,,,,,,,,,,,,,,,,,,,,,,,,,,
967,,,,,,,,,,,,,,97.056496,,,,,,,,,,,,,,,,,,,,,,,,,,,,,,
968,,,,,,,,,,,,,,97.248535,,,,,,,,,,,,,,,,,,,,,,,,,,,,,,
969,,,,,,,,,,,,,,97.03373,,,,,,,,,,,,,,,,,,,,,,,,,,,,,,
970,,,,,,,,,,,,,,96.697685,,,,,,,,,,,,,,,,,,,,,,,,,,,,,,
971,,,,,,,,,,,,,,96.996666,,,,,,,,,,,,,,,,,,,,,,,,,,,,,,
972,,,,,,,,,,,,,,97.07458,,,,,,,,,,,,,,,,,,,,,,,,,,,,,,
973,,,,,,,,,,,,,,97.08832,,,,,,,,,,,,,,,,,,,,,,,,,,,,,,
974,,,,,,,,,,,,,,97.37678,,,,,,,,,,,,,,,,,,,,,,,,,,,,,,
975,,,,,,,,,,,,,,96.887276,,,,,,,,,,,,,,,,,,,,,,,,,,,,,,
976,,,,,,,,,,,,,,96.71985,,,,,,,,,,,,,,,,,,,,,,,,,,,,,,
977,,,,,,,,,,,,,,96.71845,,,,,,,,,,,,,,,,,,,,,,,,,,,,,,
978,,,,,,,,,,,,,,96.45926,,,,,,,,,,,,,,,,,,,,,,,,,,,,,,
979,,,,,,,,,,,,,,96.64477,,,,,,,,,,,,,,,,,,,,,,,,,,,,,,
980,,,,,,,,,,,,,,96.579926,,,,,,,,,,,,,,,,,,,,,,,,,,,,,,
981,,,,,,,,,,,,,,96.56658,,,,,,,,,,,,,,,,,,,,,,,,,,,,,,
982,,,,,,,,,,,,,,96.61124,,,,,,,,,,,,,,,,,,,,,,,,,,,,,,
983,,,,,,,,,,,,,,96.56815,,,,,,,,,,,,,,,,,,,,,,,,,,,,,,
984,,,,,,,,,,,,,,96.28477,,,,,,,,,,,,,,,,,,,,,,,,,,,,,,
985,,,,,,,,,,,,,,96.52094,,,,,,,,,,,,,,,,,,,,,,,,,,,,,,
986,,,,,,,,,,,,,,96.37748,,,,,,,,,,,,,,,,,,,,,,,,,,,,,,
987,,,,,,,,,,,,,,96.14167,,,,,,,,,,,,,,,,,,,,,,,,,,,,,,
988,,,,,,,,,,,,,,96.28472,,,,,,,,,,,,,,,,,,,,,,,,,,,,,,
989,,,,,,,,,,,,,,96.433205,,,,,,,,,,,,,,,,,,,,,,,,,,,,,,
990,,,,,,,,,,,,,,96.07302,,,,,,,,,,,,,,,,,,,,,,,,,,,,,,
991,,,,,,,,,,,,,,96.064735,,,,,,,,,,,,,,,,,,,,,,,,,,,,,,
992,,,,,,,,,,,,,,95.81741,,,,,,,,,,,,,,,,,,,,,,,,,,,,,,
993,,,,,,,,,,,,,,95.98599,,,,,,,,,,,,,,,,,,,,,,,,,,,,,,
994,,,,,,,,,,,,,,95.53626,,,,,,,,,,,,,,,,,,,,,,,,,,,,,,
995,,,,,,,,,,,,,,95.795815,,,,,,,,,,,,,,,,,,,,,,,,,,,,,,
996,,,,,,,,,,,,,,95.72036,,,,,,,,,,,,,,,,,,,,,,,,,,,,,,
997,,,,,,,,,,,,,,96.02923,,,,,,,,,,,,,,,,,,,,,,,,,,,,,,
998,,,,,,,,,,,,,,95.858154,,,,,,,,,,,,,,,,,,,,,,,,,,,,,,
999,,,,,,,,,,,,,,95.52338,,,,,,,,,,,,,,,,,,,,,,,,,,,,,,
1000,,,,,,,,,,,,,,95.692986,,,,,,,,,,,,,,,,,,,,,,,,,,,,,,
1001,,,,,,,,,,,,,,95.22796,,,,,,,,,,,,,,,,,,,,,,,,,,,,,,
1002,,,,,,,,,,,,,,95.5181,,,,,,,,,,,,,,,,,,,,,,,,,,,,,,
1003,,,,,,,,,,,,,,95.3659,,,,,,,,,,,,,,,,,,,,,,,,,,,,,,
1004,,,,,,,,,,,,,,95.31254,,,,,,,,,,,,,,,,,,,,,,,,,,,,,,
1005,,,,,,,,,,,,,,95.22176,,,,,,,,,,,,,,,,,,,,,,,,,,,,,,
1006,,,,,,,,,,,,,,95.105736,,,,,,,,,,,,,,,,,,,,,,,,,,,,,,
1007,,,,,,,,,,,,,,95.223595,,,,,,,,,,,,,,,,,,,,,,,,,,,,,,
1008,,,,,,,,,,,,,,95.26055,,,,,,,,,,,,,,,,,,,,,,,,,,,,,,
1009,,,,,,,,,,,,,,95.13373,,,,,,,,,,,,,,,,,,,,,,,,,,,,,,
1010,,,,,,,,,,,,,,95.00477,,,,,,,,,,,,,,,,,,,,,,,,,,,,,,
1011,,,,,,,,,,,,,,94.819115,,,,,,,,,,,,,,,,,,,,,,,,,,,,,,
1012,,,,,,,,,,,,,,95.23849,,,,,,,,,,,,,,,,,,,,,,,,,,,,,,
1013,,,,,,,,,,,,,,94.72903,,,,,,,,,,,,,,,,,,,,,,,,,,,,,,
1014,,,,,,,,,,,,,,94.910576,,,,,,,,,,,,,,,,,,,,,,,,,,,,,,
1015,,,,,,,,,,,,,,94.30918,,,,,,,,,,,,,,,,,,,,,,,,,,,,,,
1016,,,,,,,,,,,,,,94.58642,,,,,,,,,,,,,,,,,,,,,,,,,,,,,,
1017,,,,,,,,,,,,,,94.647804,,,,,,,,,,,,,,,,,,,,,,,,,,,,,,
1018,,,,,,,,,,,,,,94.23989,,,,,,,,,,,,,,,,,,,,,,,,,,,,,,
1019,,,,,,,,,,,,,,94.1009,,,,,,,,,,,,,,,,,,,,,,,,,,,,,,
1020,,,,,,,,,,,,,,94.12143,,,,,,,,,,,,,,,,,,,,,,,,,,,,,,
1021,,,,,,,,,,,,,,94.219444,,,,,,,,,,,,,,,,,,,,,,,,,,,,,,
1022,,,,,,,,,,,,,,94.054565,,,,,,,,,,,,,,,,,,,,,,,,,,,,,,
1023,,,,,,,,,,,,,,94.19739,,,,,,,,,,,,,,,,,,,,,,,,,,,,,,
1024,,,,,,,,,,,,,,93.96859,,,,,,,,,,,,,,,,,,,,,,,,,,,,,,
1025,,,,,,,,,,,,,,93.63427,,,,,,,,,,,,,,,,,,,,,,,,,,,,,,
1026,,,,,,,,,,,,,,93.28616,,,,,,,,,,,,,,,,,,,,,,,,,,,,,,
1027,,,,,,,,,,,,,,93.44571,,,,,,,,,,,,,,,,,,,,,,,,,,,,,,
1028,,,,,,,,,,,,,,93.44665,,,,,,,,,,,,,,,,,,,,,,,,,,,,,,
1029,,,,,,,,,,,,,,93.38552,,,,,,,,,,,,,,,,,,,,,,,,,,,,,,
1030,,,,,,,,,,,,,,93.18221,,,,,,,,,,,,,,,,,,,,,,,,,,,,,,
1031,,,,,,,,,,,,,,93.15316,,,,,,,,,,,,,,,,,,,,,,,,,,,,,,
1032,,,,,,,,,,,,,,93.54754,,,,,,,,,,,,,,,,,,,,,,,,,,,,,,
1033,,,,,,,,,,,,,,93.20285,,,,,,,,,,,,,,,,,,,,,,,,,,,,,,
1034,,,,,,,,,,,,,,93.107666,,,,,,,,,,,,,,,,,,,,,,,,,,,,,,
1035,,,,,,,,,,,,,,92.9422,,,,,,,,,,,,,,,,,,,,,,,,,,,,,,
1036,,,,,,,,,,,,,,93.1427,,,,,,,,,,,,,,,,,,,,,,,,,,,,,,
1037,,,,,,,,,,,,,,92.9035,,,,,,,,,,,,,,,,,,,,,,,,,,,,,,
1038,,,,,,,,,,,,,,92.83544,,,,,,,,,,,,,,,,,,,,,,,,,,,,,,
1039,,,,,,,,,,,,,,92.7315,,,,,,,,,,,,,,,,,,,,,,,,,,,,,,
1040,,,,,,,,,,,,,,92.60986,,,,,,,,,,,,,,,,,,,,,,,,,,,,,,
1041,,,,,,,,,,,,,,92.6283,,,,,,,,,,,,,,,,,,,,,,,,,,,,,,
1042,,,,,,,,,,,,,,92.28985,,,,,,,,,,,,,,,,,,,,,,,,,,,,,,
1043,,,,,,,,,,,,,,92.29172,,,,,,,,,,,,,,,,,,,,,,,,,,,,,,
1044,,,,,,,,,,,,,,92.309944,,,,,,,,,,,,,,,,,,,,,,,,,,,,,,
1045,,,,,,,,,,,,,,92.299835,,,,,,,,,,,,,,,,,,,,,,,,,,,,,,
1046,,,,,,,,,,,,,,92.03226,,,,,,,,,,,,,,,,,,,,,,,,,,,,,,
1047,,,,,,,,,,,,,,92.27537,,,,,,,,,,,,,,,,,,,,,,,,,,,,,,
1048,,,,,,,,,,,,,,91.961006,,,,,,,,,,,,,,,,,,,,,,,,,,,,,,
1049,,,,,,,,,,,,,,92.072945,,,,,,,,,,,,,,,,,,,,,,,,,,,,,,
1050,,,,,,,,,,,,,,92.17339,,,,,,,,,,,,,,,,,,,,,,,,,,,,,,
1051,,,,,,,,,,,,,,91.54771,,,,,,,,,,,,,,,,,,,,,,,,,,,,,,
1052,,,,,,,,,,,,,,91.726776,,,,,,,,,,,,,,,,,,,,,,,,,,,,,,
1053,,,,,,,,,,,,,,91.37371,,,,,,,,,,,,,,,,,,,,,,,,,,,,,,
1054,,,,,,,,,,,,,,91.26304,,,,,,,,,,,,,,,,,,,,,,,,,,,,,,
1055,,,,,,,,,,,,,,90.99024,,,,,,,,,,,,,,,,,,,,,,,,,,,,,,
1056,,,,,,,,,,,,,,91.13233,,,,,,,,,,,,,,,,,,,,,,,,,,,,,,
1057,,,,,,,,,,,,,,91.31543,,,,,,,,,,,,,,,,,,,,,,,,,,,,,,
1058,,,,,,,,,,,,,,91.22416,,,,,,,,,,,,,,,,,,,,,,,,,,,,,,
1059,,,,,,,,,,,,,,91.049805,,,,,,,,,,,,,,,,,,,,,,,,,,,,,,
1060,,,,,,,,,,,,,,90.71896,,,,,,,,,,,,,,,,,,,,,,,,,,,,,,
1061,,,,,,,,,,,,,,90.944,,,,,,,,,,,,,,,,,,,,,,,,,,,,,,
1062,,,,,,,,,,,,,,90.783295,,,,,,,,,,,,,,,,,,,,,,,,,,,,,,
1063,,,,,,,,,,,,,,90.81197,,,,,,,,,,,,,,,,,,,,,,,,,,,,,,
1064,,,,,,,,,,,,,,90.42744,,,,,,,,,,,,,,,,,,,,,,,,,,,,,,
1065,,,,,,,,,,,,,,90.54948,,,,,,,,,,,,,,,,,,,,,,,,,,,,,,
1066,,,,,,,,,,,,,,90.25054,,,,,,,,,,,,,,,,,,,,,,,,,,,,,,
1067,,,,,,,,,,,,,,90.215935,,,,,,,,,,,,,,,,,,,,,,,,,,,,,,
1068,,,,,,,,,,,,,,90.0304,,,,,,,,,,,,,,,,,,,,,,,,,,,,,,
1069,,,,,,,,,,,,,,90.05207,,,,,,,,,,,,,,,,,,,,,,,,,,,,,,
1070,,,,,,,,,,,,,,90.20455,,,,,,,,,,,,,,,,,,,,,,,,,,,,,,
1071,,,,,,,,,,,,,,89.71515,,,,,,,,,,,,,,,,,,,,,,,,,,,,,,
1072,,,,,,,,,,,,,,89.69281,,,,,,,,,,,,,,,,,,,,,,,,,,,,,,
1073,,,,,,,,,,,,,,89.78254,,,,,,,,,,,,,,,,,,,,,,,,,,,,,,
1074,,,,,,,,,,,,,,89.66032,,,,,,,,,,,,,,,,,,,,,,,,,,,,,,
1075,,,,,,,,,,,,,,89.82904,,,,,,,,,,,,,,,,,,,,,,,,,,,,,,
1076,,,,,,,,,,,,,,89.60022,,,,,,,,,,,,,,,,,,,,,,,,,,,,,,
1077,,,,,,,,,,,,,,89.66562,,,,,,,,,,,,,,,,,,,,,,,,,,,,,,
1078,,,,,,,,,,,,,,89.63688,,,,,,,,,,,,,,,,,,,,,,,,,,,,,,
1079,,,,,,,,,,,,,,88.92779,,,,,,,,,,,,,,,,,,,,,,,,,,,,,,
1080,,,,,,,,,,,,,,89.216255,,,,,,,,,,,,,,,,,,,,,,,,,,,,,,
1081,,,,,,,,,,,,,,89.22639,,,,,,,,,,,,,,,,,,,,,,,,,,,,,,
1082,,,,,,,,,,,,,,89.0376,,,,,,,,,,,,,,,,,,,,,,,,,,,,,,
1083,,,,,,,,,,,,,,89.06188,,,,,,,,,,,,,,,,,,,,,,,,,,,,,,
1084,,,,,,,,,,,,,,88.55877,,,,,,,,,,,,,,,,,,,,,,,,,,,,,,
1085,,,,,,,,,,,,,,88.687645,,,,,,,,,,,,,,,,,,,,,,,,,,,,,,
1086,,,,,,,,,,,,,,88.436485,,,,,,,,,,,,,,,,,,,,,,,,,,,,,,
1087,,,,,,,,,,,,,,88.606384,,,,,,,,,,,,,,,,,,,,,,,,,,,,,,
1088,,,,,,,,,,,,,,88.421326,,,,,,,,,,,,,,,,,,,,,,,,,,,,,,
1089,,,,,,,,,,,,,,88.34317,,,,,,,,,,,,,,,,,,,,,,,,,,,,,,
1090,,,,,,,,,,,,,,88.22546,,,,,,,,,,,,,,,,,,,,,,,,,,,,,,
1091,,,,,,,,,,,,,,87.97387,,,,,,,,,,,,,,,,,,,,,,,,,,,,,,
1092,,,,,,,,,,,,,,87.751854,,,,,,,,,,,,,,,,,,,,,,,,,,,,,,
1093,,,,,,,,,,,,,,87.50244,,,,,,,,,,,,,,,,,,,,,,,,,,,,,,
1094,,,,,,,,,,,,,,87.699646,,,,,,,,,,,,,,,,,,,,,,,,,,,,,,
1095,,,,,,,,,,,,,,87.2385,,,,,,,,,,,,,,,,,,,,,,,,,,,,,,
1096,,,,,,,,,,,,,,87.35914,,,,,,,,,,,,,,,,,,,,,,,,,,,,,,
1097,,,,,,,,,,,,,,87.63553,,,,,,,,,,,,,,,,,,,,,,,,,,,,,,
1098,,,,,,,,,,,,,,87.49459,,,,,,,,,,,,,,,,,,,,,,,,,,,,,,
1099,,,,,,,,,,,,,,87.40763,,,,,,,,,,,,,,,,,,,,,,,,,,,,,,
1850,,98.62246,100.215904,98.757835,,108.61787,98.92826,,,100.49712,,,98.91567,,102.65743,99.228294,100.74955,97.14323,99.835884,98.99535,99.61761,97.8061,99.87893,100.65905,97.10418,99.71224,100.45521,,99.43613,101.34196,100.06973,,99.7409,103.86627,101.74548,101.40481,50.7991,98.89782,48.534073,101.611755,,99.46466,,99.446754
1851,,98.79334,99.92349,98.73749,,108.76843,99.12125,,,100.07479,,,98.98908,,102.627686,98.93566,100.57142,98.14135,100.1309,99.05228,99.34121,97.87549,100.095146,100.97446,96.65738,99.67278,100.35337,,99.6912,101.47794,99.82694,,100.02589,103.50376,101.13199,101.14239,51.095993,99.104706,49.036373,101.54587,,99.23333,,98.98052
1852,,98.73455,100.13876,98.737274,,108.67159,98.79438,,,100.40076,,,98.81771,,103.1662,99.37144,100.94636,97.71569,100.23676,98.93728,99.101006,97.67144,100.39338,101.138145,96.719025,99.7958,99.706505,,99.481964,100.97528,99.35024,,100.081825,103.67734,101.159935,100.8605,51.14456,98.95737,48.947445,101.78249,,99.198425,,99.11274
1853,,98.54067,100.19846,98.421906,,108.323395,99.50354,,,100.31973,,,98.72663,,103.06067,99.283,100.82931,97.4101,100.70768,98.86295,99.23752,98.103264,100.372925,101.24015,97.10923,99.90978,100.22939,,99.918274,101.51859,99.605675,,99.78146,103.6632,101.61219,100.7652,51.08791,99.004974,48.96104,101.28878,,99.24765,,99.40191
1854,,98.69532,100.051476,98.50956,,108.41856,98.89734,,,100.47671,,,98.85163,,102.695595,99.2496,100.546776,96.74525,99.71011,98.82749,99.34928,97.71573,100.138695,100.76792,97.09592,99.76064,100.212135,,99.41396,101.25118,99.52762,,100.16779,103.69968,101.5528,101.13964,51.312473,99.203575,48.720078,101.35608,,99.16216,,99.22695
1855,,98.39569,100.07113,98.93027,,108.59026,98.87322,,,100.352234,,,98.83054,,102.6799,99.112434,100.374306,97.58518,100.22593,99.21462,99.65214,97.84802,99.85581,100.961365,97.20222,99.475075,100.06507,,99.24115,101.225555,99.3215,,100.112305,104.056526,101.20791,101.29221,51.105637,99.29244,48.676712,101.75013,,99.87737,,99.14532
1856,,98.42062,100.2324,99.02984,,108.34829,98.79865,,,100.37115,,,98.75894,,103.61091,99.45117,100.38372,97.12475,100.30072,98.97657,99.55262,97.345634,100.17407,101.3038,96.73307,99.89086,99.96519,,99.578285,101.198944,99.4458,,100.16166,103.38071,101.02807,101.473366,51.12051,99.15365,48.406067,101.7699,,99.14981,,99.52053
1857,,98.35612,99.605316,98.45065,,108.67013,98.7045,,,99.89506,,,98.918846,,102.5003,99.488396,100.359505,96.94568,100.74377,98.821175,99.25469,97.43445,99.952095,101.368866,96.85547,99.4726,100.664795,,99.28336,101.43224,99.48171,,99.71598,103.779785,101.59076,101.55146,51.139362,99.323555,48.47952,101.46671,,99.407845,,99.06817
1858,,98.698524,99.45145,98.181404,,108.47857,98.73224,,,100.02444,,,98.956726,,102.58243,99.03512,100.407936,97.51798,99.889465,99.24366,99.12222,97.46906,99.95136,100.96499,96.6473,99.729256,99.96619,,99.57394,101.31866,99.429405,,99.970215,103.602196,101.31884,101.07734,50.977863,99.32849,48.281628,101.32056,,99.19761,,99.435585
1859,,98.430664,99.69433,98.25546,,108.21994,98.6029,,,100.32122,,,98.64408,,102.66879,98.91314,100.39976,97.15595,100.2333,98.63412,99.361916,97.417046,99.77169,100.3343,96.65539,99.58958,100.03678,,99.61968,101.00298,99.19238,,100.13775,103.53958,101.49168,101.16223,50.80693,99.5603,48.702595,101.63192,,99.1515,,99.12714
1860,,98.170906,100.00483,98.308205,,108.31698,98.54916,,,99.96167,,,98.51392,,103.06497,98.85071,100.46393,97.28674,100.094246,98.82737,98.975914,97.22427,100.06362,100.85203,97.09083,99.60314,100.34519,,99.56483,100.93207,99.42233,,99.780495,103.16679,100.9133,101.01583,51.201244,99.42324,48.55869,101.80517,,99.1321,,99.39352
1861,,97.90945,100.057556,98.37052,,108.734955,98.61002,,,99.95701,,,98.44332,,102.6697,99.099434,100.36191,97.25123,99.819405,98.28369,99.5667,97.03937,99.782555,101.15589,96.8489,99.15582,100.204926,,99.40215,101.36137,99.59479,,100.06451,103.753365,100.959755,101.30877,51.10612,99.51766,48.8335,101.881744,,99.580696,,98.8879
1862,,98.5142,99.207855,98.1156,,108.54296,98.78944,,,99.81428,,,98.289696,,102.51029,99.33078,100.31583,96.98931,99.55483,97.88659,99.7723,96.68917,100.23171,101.05973,97.161674,99.350586,99.97165,,99.281654,101.31375,99.39658,,99.843605,103.78001,101.19337,101.63824,51.173847,99.71096,48.63538,101.50846,,99.24204,,99.10563
1863,,98.25889,99.46949,98.283966,,108.93052,98.28228,,,99.80384,,,98.171,,102.51431,99.14617,100.36321,97.09827,100.42069,98.28305,99.2821,97.24768,99.33137,100.63665,97.11428,99.55952,99.76629,,99.21345,100.86962,99.44769,,99.5102,103.7317,101.29487,101.7843,51.021698,98.929016,48.66451,101.20209,,99.23038,,99.19752
1864,,98.2933,100.12366,98.83285,,108.22042,98.4873,,,99.97534,,,98.532135,,101.806854,98.85394,100.41277,97.687325,99.832375,98.43005,98.82383,97.62247,99.82188,100.781044,96.91213,99.5714,100.138275,,99.33848,101.47892,99.37512,,99.93408,103.40281,100.85085,101.397675,50.990963,99.2042,48.6687,101.5062,,98.94757,,98.826866
1865,,97.98969,100.062164,98.21133,,108.26829,98.445625,,,99.54346,,,98.408875,,102.476746,98.88852,100.4143,97.50898,99.8191,98.49981,99.429115,97.51914,99.69581,100.892296,96.934845,99.57371,99.967896,,99.39249,101.31311,99.33545,,99.841866,103.3357,101.311,101.29998,50.92676,99.3689,48.574276,101.42355,,98.85089,,98.92478
1866,,98.22166,99.85012,98.30252,,108.655304,98.56888,,,99.56396,,,98.36445,,102.463104,98.857506,100.28852,97.38276,99.897316,98.202675,99.28028,97.14398,99.36655,101.01017,96.840614,99.236115,99.90107,,99.22748,101.46885,98.99979,,99.49166,103.40777,101.41741,101.42974,50.85301,99.13566,48.39945,101.53849,,99.03146,,99.23419
1867,,98.01354,99.91855,97.963646,,108.56486,98.79794,,,99.5379,,,98.14313,,102.46122,98.37722,100.25128,97.51319,99.86725,98.60455,98.79522,97.037315,99.68508,100.62742,96.91274,99.440834,99.897896,,99.10916,101.29126,98.62549,,99.92294,103.30109,101.523964,101.5586,51.048386,99.25063,48.543564,100.936676,,98.65647,,98.9844
1868,,98.18054,100.28686,97.745964,,108.28466,98.49706,,,99.67294,,,98.106865,,102.27334,98.37957,100.55878,97.099884,99.692116,98.01376,98.38415,96.944695,99.96238,100.876366,96.80537,99.641754,99.754944,,99.24375,101.00699,98.72192,,99.327034,102.93585,101.07064,101.40793,51.052,99.26541,48.67895,101.473785,,99.213715,,99.202415
1869,,97.96582,99.24659,98.089905,,108.597565,97.91968,,,100.03945,,,98.066475,,102.63999,98.03683,100.53735,97.055756,99.69489,98.18897,98.914246,97.18231,99.536934,100.61062,96.553825,99.20951,99.49073,,99.20542,100.91372,98.65234,,99.35816,103.35095,101.217865,100.977974,50.863316,99.19146,48.973415,101.58198,,98.893456,,99.0783
1870,,97.694756,99.80027,97.945015,,108.161,98.07184,,,100.09067,,,97.67527,,102.08132,97.94514,100.0614,96.836,99.994896,98.393105,98.51831,97.5784,99.79776,100.53436,96.92698,99.01711,99.63556,,99.01349,100.99133,98.82111,,99.882935,103.08724,101.32046,100.91546,51.18051,99.07428,48.719975,101.52469,,98.69779,,99.42178
1871,,97.667,99.444115,97.39792,,108.397285,98.04138,,,99.55851,,,97.56952,,102.31143,97.55301,100.082886,96.63235,99.97605,97.678734,98.51168,97.273186,99.471405,100.790955,96.985664,99.35165,99.43643,,99.0928,101.4661,98.6858,,99.55059,103.41856,101.49587,101.47434,51.259792,99.21047,48.721302,100.97471,,98.726494,,99.110664
1872,,97.42402,99.94982,97.723946,,108.359924,98.19303,,,99.292946,,,97.710815,,102.416565,97.78009,100.200226,96.88062,99.53843,97.697136,98.297325,97.14749,99.05227,100.90742,96.97824,99.11082,99.47137,,98.94775,101.28271,99.02361,,99.266754,103.42892,101.54477,101.42626,50.873722,99.01469,48.601307,100.91159,,98.406166,,98.770775
1873,,97.62897,99.352936,97.98624,,108.26834,98.1297,,,99.27689,,,97.61661,,102.66854,98.48414,100.21049,97.04212,99.4924,97.60639,98.256065,97.95431,99.433205,100.9599,96.80999,98.909355,99.263054,,99.249596,100.82975,98.702065,,99.2952,103.30201,101.482155,101.52051,50.811222,98.884735,48.758747,101.40734,,98.56902,,98.9826
1874,,97.503784,99.2042,98.102516,,108.32966,97.78216,,,99.580864,,,97.596245,,101.77017,98.0705,100.40485,96.60438,99.85456,97.762024,98.74866,97.64167,98.92089,101.22949,96.736206,99.072044,99.31985,,98.94752,100.89274,98.45443,,99.81429,103.217064,101.010284,100.75174,50.83702,98.923256,48.758972,101.60303,,98.40284,,98.91873
1875,,97.8608,99.420876,97.70771,,108.347725,97.74472,,,99.022285,,,97.572174,,102.87494,97.43564,100.27705,96.92615,99.5926,97.85902,98.450615,96.7453,99.33246,100.753845,96.61178,98.95627,99.56787,,99.17932,101.10981,98.403595,,99.33787,103.40521,101.51889,100.79264,50.86061,99.0321,48.921143,101.544525,,98.79914,,98.87576
1876,,97.875786,99.28616,97.57259,,108.27752,97.56922,,,99.300026,,,97.74493,,102.378204,97.505684,100.02481,96.6954,99.61731,97.17573,97.89701,96.41505,99.21349,100.364235,96.89862,99.14734,99.437836,,98.936165,100.99012,98.499794,,99.60233,103.35007,101.40396,101.50628,50.884716,99.32934,48.90151,101.4704,,97.97344,,98.74421
1877,,97.596275,98.97117,97.388214,,108.227905,97.6421,,,99.86733,,,97.46328,,101.71725,97.58912,100.21595,96.5766,99.34057,97.80814,98.42831,96.66147,98.8887,100.84452,96.96603,99.31309,99.62341,,98.85013,101.651855,97.900116,,99.46357,103.22135,100.97678,101.37982,50.602238,99.01632,48.5646,101.64511,,97.705536,,98.94067
1878,,97.247734,99.739815,97.7355,,108.49659,97.46131,,,99.366264,,,97.14248,,102.439674,97.65478,100.169556,96.83975,99.39343,97.58432,98.22293,96.935356,98.89517,100.90241,96.827515,98.974754,99.72199,,99.163795,101.380516,97.63731,,98.53305,103.17562,101.33558,100.89801,50.537373,98.937355,48.63159,101.45406,,98.586296,,98.78419
1879,,97.519264,98.915886,97.53183,,108.61004,97.35568,,,99.09637,,,97.05103,,101.96909,98.15424,99.92138,96.79075,99.68925,97.5386,97.911476,96.80326,99.126854,100.70786,96.84322,98.80075,99.00642,,98.85781,100.91752,97.75216,,98.86378,103.30541,101.423134,101.31308,50.766922,99.250694,48.549896,101.399994,,98.885735,,98.87289
1880,,97.056114,98.89639,97.30584,,108.411,97.33941,,,99.562164,,,97.169495,,101.91375,97.89481,99.68279,96.564095,99.16062,96.92202,97.8787,96.87794,99.03765,100.35665,96.6661,99.40768,99.209496,,98.76458,100.71835,97.91425,,99.4385,103.15957,101.36963,101.352425,50.910458,98.786995,48.66923,101.16837,,98.484764,,98.63232
1881,,97.24472,99.20344,97.45985,,107.98627,97.34695,,,99.58068,,,97.17962,,102.308136,97.46213,100.233284,96.884926,99.04131,97.40861,97.666756,97.32227,99.03736,100.82838,96.8693,98.91977,99.641594,,98.64213,101.17136,98.0543,,98.724174,103.1528,100.90839,101.175255,50.950207,99.0741,48.735493,101.58649,,98.33874,,98.745186
1882,,96.96244,98.999626,97.17657,,108.38749,96.88464,,,98.756836,,,96.95691,,102.05143,96.90699,99.81686,96.65875,99.44122,97.14673,97.53241,96.76285,99.264,100.913086,96.745605,98.940254,99.498985,,98.68189,101.42048,97.86324,,98.90277,103.490265,101.12951,100.93572,50.82313,98.860466,48.634354,101.328766,,98.00776,,98.872826
1883,,96.79301,99.00727,97.38636,,108.56675,97.52003,,,99.14678,,,97.32,,102.147255,96.96404,99.94775,96.535545,98.77187,97.20226,97.598564,97.45144,99.02695,100.57764,96.71246,99.25904,99.703186,,98.825874,101.25524,97.839745,,98.848885,103.54415,101.656654,100.86477,50.503117,99.16202,48.43028,101.1243,,97.937996,,98.86504
1884,,97.042015,99.2229,97.34005,,108.32058,96.82894,,,99.177155,,,97.18626,,101.834526,96.809204,100.022896,96.708046,99.47747,97.05008,97.20239,96.68847,99.01284,100.61973,96.846596,99.01016,99.20316,,98.72739,101.14413,97.28738,,99.1132,103.35889,101.21099,101.17135,50.737217,98.62081,48.164547,101.33933,,98.23453,,98.81707
1885,,96.78568,98.62127,97.0581,,107.887024,96.720055,,,99.03121,,,96.73824,,102.80334,97.29239,99.85758,96.819275,99.21598,96.92965,97.015114,96.57197,99.03431,101.13084,96.8038,98.78823,98.87112,,98.98083,101.25976,97.19758,,99.17417,102.96793,101.1589,101.30729,50.834103,98.91071,48.415516,101.332375,,98.23643,,98.71397
1886,,96.80021,98.58157,96.66849,,108.24908,96.4365,,,99.40741,,,96.98038,,101.7667,97.342476,99.87191,96.88294,98.779564,96.66798,97.028076,97.185555,98.72113,100.691765,96.62149,98.80079,99.147026,,98.49219,101.67388,97.08395,,98.855034,103.00086,101.26025,101.29841,51.12196,98.995766,48.49641,101.41444,,98.32432,,98.76541
1887,,96.97227,98.87522,96.60618,,108.06167,96.632195,,,98.67002,,,97.00891,,101.948555,96.674255,99.79519,97.03861,99.48028,96.63549,97.24029,97.1254,99.25619,100.69949,96.82013,99.02768,99.250404,,98.67942,100.83398,97.24349,,98.4647,103.55175,101.55405,101.14098,51.01869,98.62222,48.748672,101.29028,,97.984764,,98.86801
1888,,96.35538,98.70999,96.71558,,108.00486,96.95145,,,98.55862,,,96.64033,,101.7174,96.97681,99.70518,96.81019,98.954,96.60386,97.23708,96.98682,98.66766,100.957306,96.94613,98.55491,98.67649,,98.44611,100.91424,97.09223,,99.11999,103.06235,101.16898,100.94462,50.78577,98.685646,48.570744,101.41894,,97.441444,,98.5236
1889,,96.25016,98.62814,96.70817,,107.79416,96.638145,,,98.80902,,,96.60227,,101.80625,96.74829,99.83276,96.20944,99.05032,96.78089,97.392204,96.982216,98.50301,100.85662,96.61376,98.730255,98.75982,,98.75596,101.63724,96.881676,,98.79752,103.182045,101.46757,101.54679,50.97377,98.76803,48.550507,101.342705,,97.91415,,98.68862
1890,,96.35914,98.57348,96.36561,,108.279274,96.564735,,,98.72214,,,96.33865,,102.23157,96.51194,99.952736,96.43867,99.03416,96.575356,97.13839,97.07511,98.47292,100.68928,96.82376,98.795586,98.41254,,98.787964,101.6159,96.76621,,98.7353,102.880615,101.69334,101.430534,51.055676,98.92176,48.885086,100.970406,,97.652275,,98.63355
1891,,96.20312,98.880035,96.12118,,108.38931,96.83383,,,98.458015,,,96.46261,,102.02326,96.9176,99.50787,96.42696,98.52143,96.556854,96.770935,97.34298,98.723564,100.86315,96.682434,98.88143,98.40348,,98.43508,101.18087,96.82205,,98.50098,103.25938,101.18308,100.907104,50.941437,98.47077,48.600143,100.71664,,97.5808,,98.60952
1892,,96.074554,98.68641,96.259544,,107.75587,96.70172,,,98.7478,,,96.15494,,102.166725,96.7341,99.81955,96.63596,98.63421,96.27773,96.53443,96.434326,98.8798,100.903564,96.532555,98.71291,98.95945,,98.45643,100.94895,96.56713,,98.47067,102.9018,101.13018,100.84852,50.897247,98.98309,48.25713,101.13897,,97.51773,,98.72131
1893,,95.8767,98.53793,96.00239,,107.92399,96.39597,,,98.88233,,,96.230034,,102.167946,96.51837,99.64526,96.71232,98.87811,96.08323,96.822876,96.55265,98.31489,100.60612,97.02485,98.64254,98.51937,,98.37951,100.35125,96.515785,,98.697014,103.24239,101.811714,101.29849,50.917225,98.450745,48.59332,101.276764,,97.615425,,98.633766
1894,,95.95904,98.4804,95.782104,,108.23224,96.11542,,,99.059204,,,96.29621,,102.123474,96.755974,99.7696,96.53858,98.41802,96.28201,96.35891,96.46223,98.83025,100.28298,96.74949,99.00733,98.52975,,98.68213,101.54166,96.951965,,98.56739,102.81588,101.43714,101.53329,50.562256,98.77957,48.63609,101.24485,,97.30039,,98.62261
1895,,95.71815,98.645996,95.61733,,107.70255,95.7564,,,98.65682,,,96.06214,,101.49823,96.60416,100.00713,96.939064,98.6601,95.93997,96.36028,96.53397,98.76653,100.42629,96.97034,98.53253,98.3389,,98.41537,101.58688,96.69407,,98.50619,102.969025,101.002655,101.13546,50.756027,98.59988,48.593384,101.10886,,97.426186,,98.70474
1896,,95.70572,98.42974,95.672485,,107.67289,95.68473,,,98.638794,,,96.45965,,102.54355,96.49124,99.385345,96.30622,98.66613,95.78854,96.15266,96.50236,98.59496,100.80267,96.92923,98.37363,98.465,,98.269585,101.09055,96.31669,,98.56022,102.891396,100.673195,101.062035,50.861088,98.35735,48.251865,100.968414,,97.302,,98.36627
1897,,95.93488,98.47217,95.95649,,108.24122,95.72048,,,98.65203,,,96.30234,,101.956215,96.27658,99.710205,96.11505,98.45371,95.82208,96.22016,96.10912,98.430176,100.7649,96.647865,98.60743,98.175285,,98.51138,101.40231,96.62029,,98.7015,102.801605,100.95881,100.96576,50.862152,98.31353,48.40492,101.0921,,97.305115,,98.49863
1898,,95.834045,98.261635,95.91267,,108.167786,95.68963,,,98.32998,,,96.07189,,101.39139,96.334785,99.63516,96.283,98.58808,95.677605,96.18133,96.24311,98.17245,100.48825,96.899414,98.58947,98.64591,,98.37244,101.156044,96.69048,,98.50611,102.960045,101.13822,101.19015,51.012955,98.83721,48.628036,101.55017,,97.21665,,98.63726
1899,,95.769554,98.61874,95.72791,,107.91439,95.97431,,,98.81543,,,95.87808,,101.89335,96.23053,99.604095,96.59649,98.793495,95.82272,96.25651,96.4621,98.38034,100.35443,96.871864,98.41108,98.60236,,98.30823,101.1911,96.53777,,97.90702,102.437386,101.02073,101.78085,50.721375,98.53449,48.646923,101.198,,97.5134,,98.56919
1900,,95.4273,98.38291,95.56002,,107.88386,95.943474,,,98.50808,,,95.64179,,101.80631,96.10599,99.14019,96.32587,97.81829,95.758934,95.99291,96.47285,98.57462,100.606606,96.88922,98.470245,97.90626,,98.16262,101.36579,96.36327,,98.22949,102.80606,100.73724,101.41883,50.745926,98.446724,48.6167,100.94721,,96.96033,,98.669395
1901,,95.6557,98.52759,95.774895,,107.591805,95.89701,,,98.16345,,,95.76493,,101.73489,96.05533,99.38437,96.16544,98.447334,95.55416,96.24442,96.45237,98.40124,100.67893,96.77653,98.51603,98.39208,,98.431175,101.34725,95.81058,,98.191925,102.97785,101.29495,101.11089,50.8831,98.548546,48.47476,101.23172,,97.83093,,98.522026
1902,,95.46414,98.08509,95.63619,,108.14558,95.994606,,,98.38262,,,95.61576,,101.904175,96.16913,99.31516,96.631744,98.21408,95.76404,95.906136,96.526215,98.11237,100.03736,96.97171,98.69642,98.32926,,98.27062,101.0064,95.965126,,98.3491,102.92109,101.49213,100.89616,50.662518,98.46573,48.681396,100.81466,,96.87722,,98.50927
1903,,95.45684,98.515564,95.632576,,107.934975,95.432915,,,98.4762,,,95.89509,,101.82464,95.89386,99.43344,96.396576,98.22648,95.62885,95.95165,96.58964,98.273346,100.141655,96.68174,98.462425,98.100044,,98.22692,101.321724,96.64872,,98.20889,103.01499,100.91785,101.43217,50.56488,98.29334,48.28187,101.194786,,96.78714,,98.62338
1904,,95.08201,97.79885,95.21583,,107.97846,95.37142,,,98.45249,,,95.43085,,101.009735,95.420074,99.30939,96.68442,98.731445,95.448784,95.672646,97.046,98.39765,100.60316,96.51276,98.360695,97.728294,,98.388985,101.426605,95.9346,,98.47344,102.690735,101.2748,101.04371,50.759014,98.399376,48.523937,101.29278,,97.46517,,98.29944
1905,,95.05442,97.58619,95.29581,,107.965096,95.93159,,,98.35788,,,95.2333,,101.515144,95.622955,99.19671,96.254486,98.28242,95.415764,95.90337,96.50347,97.832054,100.4627,96.726166,98.35349,98.4636,,98.3854,101.23408,95.8357,,98.02429,102.61325,101.28876,101.22546,50.818516,98.25788,48.444355,101.04543,,96.89094,,98.33496
1906,,95.48139,97.65973,95.22817,,107.46015,95.572914,,,98.36991,,,95.02885,,101.16223,95.64868,99.37348,96.33612,98.59778,95.31669,95.767944,96.67208,98.22693,100.70654,96.85056,98.32825,98.2232,,98.12732,100.820854,95.94982,,97.71291,102.39508,101.28138,100.71121,50.741302,98.45925,48.48006,101.660805,,96.59763,,98.339745
1907,,95.14676,98.1009,95.24335,,107.51664,95.2515,,,98.24204,,,94.95276,,101.10519,95.152214,99.30322,96.07462,98.4403,95.0918,95.79367,96.12484,98.06855,100.594536,96.563255,98.26312,98.066826,,98.223816,100.75454,95.23141,,97.426094,102.74503,101.003296,101.33903,50.84698,98.67823,48.37573,101.53837,,96.84858,,98.25756
1908,,94.963005,97.58318,94.88204,,107.85064,95.05478,,,98.10929,,,95.09257,,101.16278,95.45484,99.240204,95.52204,98.20261,94.896095,95.53604,96.76812,97.810844,100.65763,96.79467,98.45727,97.884735,,98.16834,100.859856,95.22852,,98.15381,102.43839,100.6557,101.525856,50.53537,98.28595,48.548626,100.73591,,96.516426,,98.19155
1909,,94.81735,97.50204,94.8899,,107.368835,95.51798,,,98.15447,,,95.19308,,101.784706,95.37134,99.59626,96.00263,97.74832,95.19097,95.31647,96.33731,98.09678,100.73875,96.84893,98.16953,97.75476,,98.23281,101.37189,95.4291,,97.97952,102.79712,100.67864,100.98283,50.555065,97.9952,48.390347,101.33063,,96.355095,,98.421684
1910,,94.96048,98.06843,95.16028,,107.409706,95.475746,,,97.956665,,,95.15295,,101.47177,95.13571,99.44217,96.63928,97.64563,94.87698,95.871,96.158516,98.05811,100.72584,96.910255,98.27685,97.48873,,98.361046,101.14823,95.33062,,97.76273,102.37562,101.33533,101.15508,50.515118,98.26251,48.80899,101.01426,,96.396935,,97.98401
1911,,94.92917,98.1311,95.27338,,107.233406,95.272545,,,98.01111,,,95.002846,,101.13235,95.37228,99.215706,96.5445,98.08029,94.738525,95.6177,96.878815,97.680504,100.850426,96.90229,98.36924,97.62635,,98.25,101.015625,95.17059,,97.32914,102.79132,101.31696,101.46232,50.799866,98.31143,48.51877,100.96409,,96.480934,,98.55594
1912,,94.87463,97.39562,95.02237,,107.62577,95.26871,,,97.8064,,,95.0554,,100.76188,94.844215,99.07627,96.25381,98.26296,95.00644,95.254295,96.06672,97.99268,100.101616,96.852196,97.756615,97.33825,,98.09585,101.23423,95.41665,,97.77771,102.72303,101.10432,100.85818,50.32742,98.194435,48.268204,100.97308,,96.694336,,98.08325
1913,,94.481224,97.81949,94.92438,,107.5729,95.13821,,,97.86219,,,94.96737,,101.30789,94.97128,99.1051,95.86208,97.9448,94.79428,95.03718,96.32281,97.61031,100.31097,97.02289,98.1751,97.68285,,98.38284,101.32444,95.15866,,98.03408,102.196556,100.55897,100.69915,50.65399,98.07215,48.2446,101.29049,,96.71032,,98.290245
1914,,94.47592,97.71292,94.498474,,107.68198,95.0109,,,97.892204,,,94.9224,,100.82562,94.656425,99.17034,96.32932,97.737114,94.89951,95.14747,96.53834,97.5803,100.51762,96.70111,97.81595,97.596375,,97.691734,101.095024,94.96317,,97.21902,102.33695,101.27755,101.0083,50.662598,98.169136,48.183956,101.15551,,96.768616,,98.14004
1915,,94.580376,97.702545,94.39621,,107.260475,94.80072,,,97.55045,,,95.14627,,100.93467,94.98997,99.09663,96.329765,97.35584,94.8703,95.10438,95.892586,97.57128,100.48757,96.80128,98.13461,97.76838,,98.135155,100.92209,94.752785,,97.70376,102.07696,101.01172,101.26658,50.86458,98.20829,48.410236,101.26293,,96.33808,,97.98514
1916,,94.57714,97.365944,94.55234,,107.211334,94.420166,,,97.94324,,,94.568245,,101.380516,95.25544,99.34751,95.9563,98.27399,94.5501,94.83781,95.94305,97.39709,99.89904,96.778175,98.105034,97.530205,,97.95693,101.111275,94.94479,,97.02072,102.20995,101.41379,101.38626,50.569447,97.683846,48.569645,101.304016,,96.78934,,98.26858
1917,,94.509125,97.508354,94.43793,,108.00962,94.213524,,,97.81547,,,94.77225,,100.773506,94.998314,98.78181,95.83828,97.93018,94.82681,94.78315,96.10132,97.78698,100.297516,96.72051,98.07209,97.568184,,97.90778,101.09683,94.751076,,97.34137,102.123055,101.160225,101.34848,50.643494,98.113075,48.573154,100.97567,,96.29226,,97.907135
1918,,94.21595,97.31562,94.693184,,107.71691,94.126915,,,97.452965,,,94.38659,,101.00837,94.67181,98.97186,96.09458,97.41339,94.61767,94.75225,95.94751,97.42251,100.63993,96.99508,98.08694,97.605156,,97.861305,100.73171,94.8844,,97.27207,102.0655,100.92608,101.06205,50.25777,98.081154,48.2054,101.02639,,95.953064,,98.0769
1919,,94.17315,97.08554,94.06974,,107.60101,93.973694,,,97.6249,,,94.518745,,100.77691,94.550255,98.87112,95.699135,97.60267,94.28408,94.45956,96.0372,97.08495,100.42924,96.62744,97.609406,97.3031,,97.68091,100.89536,94.43232,,97.4403,102.33457,101.319756,100.89507,50.541393,97.90446,48.04831,101.22864,,95.980125,,97.92951
1920,,94.18783,97.46368,94.281395,,107.357666,94.30487,,,97.79972,,,94.65353,,101.04957,94.052666,98.80981,95.84185,97.223816,94.13021,94.34333,95.80648,97.3697,100.581795,96.93451,98.043144,97.659546,,98.01946,100.640015,94.47055,,97.286194,102.24835,100.918846,100.77457,50.466766,98.01452,48.108738,100.88143,,96.0416,,97.91257
1921,,93.972496,97.850136,94.175865,,106.89954,94.04159,,,97.29923,,,94.221466,,100.87841,94.42759,98.32781,95.85709,97.75693,93.824135,94.16531,96.0903,97.26476,100.39735,96.750916,97.950745,97.36893,,97.86326,101.39257,94.29864,,96.92219,102.06713,100.75141,100.947205,50.664547,97.88589,48.151703,100.881996,,95.73224,,97.84872
1922,,94.107735,96.9809,94.451225,,107.10128,94.15954,,,97.25234,,,94.005775,,100.95718,94.13013,98.91687,95.682945,97.076965,94.01812,94.45695,96.13058,97.13913,100.60909,96.75123,97.67907,97.48293,,97.81958,101.537834,94.28454,,97.37653,102.127144,101.32076,101.01251,50.84169,98.25931,48.34952,101.31427,,95.98422,,97.92492
1923,,93.68305,96.71509,94.39212,,107.158195,94.02952,,,97.77618,,,93.86956,,100.27558,93.96374,98.909485,95.84698,97.37371,94.19043,94.03436,95.89807,97.67453,100.55811,96.55619,97.87498,97.54172,,97.87487,100.97115,94.46804,,97.15835,102.10638,101.195496,101.163574,50.716053,98.22201,48.471478,101.386955,,95.51728,,97.74627
1924,,93.57068,97.11356,94.31939,,107.00077,93.64506,,,97.36215,,,94.01606,,101.06918,93.87679,98.80759,96.02996,97.38138,93.832664,93.767395,96.59009,97.489075,99.93894,96.98255,97.82853,97.10721,,97.86486,101.2374,94.11036,,97.054474,102.03039,101.09897,101.30547,50.63031,97.94694,48.415493,101.03296,,95.667046,,98.07526
1925,,93.723206,97.665474,93.995575,,107.110985,93.58691,,,97.68872,,,93.957886,,100.43137,94.0095,98.488884,95.91132,96.99628,93.52175,94.138466,96.28726,97.24954,100.53213,96.72443,97.837105,97.166405,,97.65029,101.01013,93.71524,,96.937614,102.08679,101.20147,101.10378,50.681553,97.99295,48.50478,100.820045,,95.53186,,97.52283
1926,,93.44861,97.01234,93.88144,,107.55631,93.99868,,,97.30709,,,93.91195,,100.476685,93.70447,98.65152,95.99735,97.69166,93.47546,93.83167,95.95873,97.22727,100.441826,96.60709,97.57276,97.082634,,97.8956,100.92007,93.405975,,97.23191,102.00476,101.22998,101.213844,50.505497,97.81366,48.4503,101.29676,,95.71051,,98.027626
1927,,93.71517,97.10113,93.37506,,107.96387,94.043144,,,97.22592,,,93.79684,,100.876945,93.42535,98.43973,95.712364,96.95179,93.625496,93.94055,95.72176,97.15955,100.044914,96.67358,97.79946,96.86083,,97.72537,101.016335,93.92179,,96.413216,102.105316,100.59605,101.37515,50.45056,98.07372,48.429844,101.307495,,95.845764,,97.80209
1928,,93.46991,97.12205,93.625114,,106.95411,93.41711,,,97.16389,,,93.65717,,100.23759,93.94491,98.62464,95.34438,97.02725,93.24288,93.897766,96.00776,97.18618,100.20684,96.45292,97.52863,97.203156,,97.89066,101.12882,93.66639,,96.92923,101.98484,100.63446,101.152885,50.40288,97.73948,48.46812,100.74563,,95.570244,,97.868805
1929,,93.15952,96.68548,93.57957,,106.97068,93.25235,,,97.16485,,,93.60212,,99.911835,93.82104,98.617455,95.5965,97.49912,93.509,93.71279,95.86358,97.43481,100.20794,96.58646,98.04842,97.00326,,97.56717,101.115875,93.983406,,97.01414,102.03238,101.236786,100.64761,50.46008,98.04531,48.408497,100.93522,,95.561775,,97.75068
1930,,93.30425,96.404564,93.26706,,106.961296,93.43939,,,96.80596,,,93.37951,,100.6499,93.31014,98.4652,95.37485,97.13738,93.41511,93.7541,94.97217,96.879814,100.5958,96.54315,97.515816,96.860146,,97.48557,100.98102,93.4387,,97.14243,102.11237,100.97764,100.539116,50.271175,97.942535,48.31195,100.99128,,95.9158,,97.56417
1931,,93.12383,97.077705,93.25025,,107.01016,93.00822,,,97.07236,,,93.87711,,100.77195,93.34504,98.546875,95.88202,96.94428,93.52659,93.66686,96.00263,96.891426,100.582855,96.61065,97.480705,97.19746,,97.60429,101.39612,93.14625,,96.79663,102.38559,101.02487,100.63743,50.53189,97.41241,48.127346,100.870155,,95.68154,,97.51337
1932,,92.82638,96.63415,93.650856,,107.16079,93.22608,,,97.056786,,,93.15302,,100.70321,93.08053,98.37909,95.91955,96.962616,93.256035,93.432625,95.773,96.43881,100.17835,96.810326,97.497826,97.23862,,97.50126,100.95388,93.17902,,97.02863,102.07676,100.84316,101.33017,50.803097,97.467896,48.185596,101.321625,,95.655174,,97.646736
1933,,92.91382,96.781944,93.16691,,106.74668,93.0301,,,96.986046,,,93.38464,,99.85263,93.26941,98.1695,94.9957,96.87031,93.092354,93.46514,95.74355,96.82273,100.503914,96.76371,97.83234,96.86857,,97.55619,100.74121,92.97888,,96.54065,102.000786,101.01313,101.097084,50.5838,97.60791,48.13797,100.516624,,95.46426,,97.71407
1934,,93.01474,96.81199,93.028015,,106.8525,93.60952,,,96.77869,,,92.961426,,100.151245,92.80129,98.21252,95.53588,96.64163,93.12617,93.38672,96.04681,96.715324,100.560905,96.79785,97.59152,96.72236,,97.45215,100.952995,93.32919,,96.3263,101.87084,100.90683,100.6704,50.38124,97.31101,48.068623,101.04846,,95.53805,,97.3406
1935,,92.69543,96.77454,92.84481,,107.071266,93.021034,,,96.90484,,,93.06863,,100.25773,92.86243,98.19129,95.03767,96.84841,92.93793,93.410545,95.4714,96.617065,100.26832,96.66856,97.12756,96.72803,,97.569115,101.01859,93.3261,,96.822,102.20489,101.020226,100.56069,50.3008,97.53277,48.1442,101.37318,,95.33267,,97.58329
1936,,92.28106,96.4645,92.85046,,107.00663,92.5101,,,96.766624,,,93.04682,,100.42342,93.11206,98.4206,95.12637,96.97055,93.09466,93.29486,95.67194,96.76832,100.03449,96.734924,97.53657,96.74438,,97.432976,101.35433,93.04621,,96.62641,101.80353,101.21249,100.81606,50.274677,97.22974,48.27653,100.88714,,95.60501,,97.38317
1937,,92.643456,96.554985,92.87894,,106.44922,92.74351,,,96.98554,,,92.83436,,99.859856,92.528534,98.23925,95.05332,96.643166,92.84435,93.182434,95.17453,96.786865,99.785065,96.55713,97.46029,96.34341,,97.30054,101.18368,92.74701,,96.49064,101.73824,101.23121,100.96322,50.302628,97.10453,48.360138,100.99798,,95.34888,,97.44262
1938,,92.50363,96.14941,92.474144,,106.93325,92.77953,,,96.941864,,,92.7583,,99.35641,92.73907,98.08198,95.307304,96.65573,93.06007,93.38549,95.73798,96.379875,99.96112,96.67658,97.374695,97.11994,,97.14462,100.777596,92.539116,,96.40209,102.12916,100.68152,101.1663,50.46092,97.08062,48.1479,101.39484,,95.092094,,97.650536
1939,,92.50574,96.367226,92.29885,,106.75662,92.61753,,,96.515144,,,92.59067,,100.668144,92.488434,98.25711,95.29597,96.855446,92.493095,93.18671,95.381004,96.449196,100.33254,96.70072,97.26159,96.3313,,97.29981,101.024506,92.577934,,96.690865,102.2984,100.87736,100.80322,50.490482,96.9953,47.957767,101.480995,,95.259605,,97.20636
1940,,92.5295,96.49903,92.270874,,106.63645,92.291565,,,96.16598,,,92.25965,,99.82471,92.85406,98.13084,95.65969,96.64051,92.41138,92.60492,95.74467,96.84235,100.065125,96.55596,97.68339,96.62329,,97.08423,101.508385,92.85669,,96.33829,101.89887,101.36154,100.875244,50.259182,97.35986,48.113537,101.3078,,95.10547,,97.02863
1941,,92.54604,96.43622,92.528564,,106.55721,92.48395,,,96.80957,,,92.26218,,99.91384,92.58428,97.91433,95.17191,96.163185,92.26318,92.73526,95.58432,96.50812,99.89448,96.614876,97.18795,96.56229,,96.899895,100.96399,92.26783,,96.164604,101.62274,101.06475,100.94587,50.49181,97.560524,48.04199,100.88062,,95.00656,,97.39865
1942,,92.16089,96.50851,92.191536,,106.683716,92.36962,,,96.44968,,,92.16155,,100.10258,92.376945,98.066376,94.93024,96.50287,92.31852,92.638725,95.517525,96.06247,100.5089,96.477104,97.30041,96.14234,,96.8975,100.963585,92.50469,,96.26346,101.58462,100.556885,101.480156,50.535217,97.0777,48.15274,101.34632,,94.54142,,96.86314
1943,,92.32495,96.212746,92.10084,,106.623314,92.293785,,,96.490456,,,92.12237,,100.140686,91.94729,98.09616,95.15754,96.873085,92.45773,92.548195,95.805824,96.69706,100.15116,96.489044,96.97152,96.198425,,96.793884,101.51237,92.55761,,96.17788,101.82584,100.87875,101.32163,50.297047,97.130135,48.302464,101.151855,,95.37394,,97.29706
1944,,92.277534,96.36029,91.739136,,106.71286,92.052284,,,96.340355,,,91.97894,,99.22993,91.94456,98.110664,95.508125,96.31494,92.39746,92.294624,95.472626,96.67362,99.984795,96.70361,97.18277,96.287285,,97.039,101.14675,92.1958,,96.36857,101.903625,101.50001,101.13717,50.35557,97.0104,47.73763,100.78204,,95.24181,,97.11375
1945,,92.20077,96.097404,91.92741,,106.73895,91.74062,,,95.85296,,,91.44677,,100.05487,91.86492,97.89533,94.95562,96.71497,92.37171,92.20933,95.345795,96.0853,99.89566,96.38513,96.96223,96.094246,,97.11158,100.866035,92.582344,,96.298615,101.71091,101.13203,100.713326,50.330433,97.234,47.988785,101.11358,,94.89918,,96.922935
1946,,91.839455,96.22573,92.11535,,106.93784,92.38833,,,96.415016,,,91.90916,,99.773445,92.002144,98.03715,95.486626,96.552185,91.937935,92.16294,95.34396,96.22476,100.09551,96.555305,97.10267,96.0718,,96.801674,100.86945,92.09844,,96.26093,101.7712,100.806206,100.58582,50.56401,96.83277,47.82842,101.54807,,94.533485,,97.1239
1947,,92.05306,96.43558,91.53985,,106.70673,92.133766,,,96.061646,,,91.858376,,99.69464,91.85384,97.55799,95.275154,96.41256,91.710365,91.56784,95.27993,96.35029,100.29537,96.45995,96.93862,96.39823,,96.9786,101.10581,92.61724,,95.72644,101.92924,101.022,100.96997,50.432278,97.15918,48.141796,101.03977,,95.69648,,97.00356
1948,,91.68735,95.60047,91.79355,,106.6343,91.78738,,,96.04301,,,91.79403,,99.523224,91.87857,97.874054,94.89912,96.0607,91.45751,92.32642,95.23459,95.896965,100.284584,96.442665,96.852356,96.14099,,96.48306,101.40225,92.08065,,95.715,101.68287,101.25645,101.170906,50.16188,96.80023,48.053288,101.64121,,94.47876,,96.82868
1949,,91.83732,95.72708,91.54887,,106.290794,91.83383,,,95.65281,,,91.702324,,99.64453,91.93238,97.66272,94.544716,96.026886,91.637085,91.97882,95.0867,96.09098,100.3659,96.33942,96.88117,95.83041,,96.82138,101.25019,91.4941,,95.836205,101.58758,100.9624,100.93635,50.32501,97.0375,48.04571,100.85305,,94.5751,,96.84298
1950,,91.78686,96.114685,91.51709,,106.587616,91.44836,,,96.14805,,,91.63355,,99.559944,92.037605,97.506355,94.95478,96.17867,91.385216,91.85676,95.110405,96.41862,100.58344,96.27476,96.73651,95.697235,,96.53408,100.93107,91.86609,,95.96235,101.43591,100.90872,100.50529,50.370255,97.03986,47.8394,100.72735,,94.51122,,97.009766
1951,,91.614555,95.82355,91.033806,,106.45172,91.249664,,,95.56197,,,91.08963,,100.020744,91.634735,97.54046,94.619316,96.00471,91.453285,91.35767,95.01511,95.68723,100.46066,96.8349,96.58932,95.81585,,96.893166,100.97946,91.69653,,95.80308,101.63267,101.151146,100.99161,50.095715,96.61852,48.104855,101.23691,,94.59107,,96.88645
1952,,91.55187,95.33917,91.05654,,106.43781,91.273865,,,96.06408,,,91.20957,,99.27087,91.7109,97.57364,95.47779,96.22958,91.44407,91.80161,95.04925,95.67636,100.276985,96.43157,96.63801,96.02869,,96.78638,101.64501,91.4921,,95.66975,101.78773,101.39606,101.07263,49.985104,96.83553,47.964344,101.32177,,93.838745,,96.31775
1953,,91.37769,96.25248,91.16747,,106.61786,91.30866,,,95.8515,,,91.314476,,99.77039,91.4835,97.37368,95.25848,95.528984,91.50187,92.19641,94.91376,95.825035,100.289024,96.299324,96.561714,95.90167,,96.676216,101.15741,91.47989,,95.531525,101.8002,101.30521,101.19677,50.124798,96.66763,48.120983,101.20932,,94.40851,,96.92346
1954,,91.354225,95.84771,90.60995,,106.40836,91.24709,,,95.570984,,,90.62845,,99.31556,91.583046,97.54653,94.68261,95.80779,90.80183,92.10963,94.99091,95.430084,99.84066,96.34351,96.675476,96.02768,,96.735664,100.65563,91.48315,,95.69113,101.272026,100.98071,100.93162,50.171234,96.41598,48.07587,101.14086,,94.13151,,96.57763
1955,,91.157036,95.79119,90.853905,,106.33279,91.37482,,,95.27621,,,91.006676,,99.37634,91.50037,97.29907,94.7106,95.84784,90.846504,91.3885,94.91648,95.82725,99.66641,96.11169,96.27557,96.19351,,96.73902,100.69259,90.98055,,95.50595,101.293976,101.22462,101.4245,50.0883,96.35659,47.914104,101.54224,,93.92524,,96.56501
1956,,90.93775,96.06391,90.82593,,106.4634,90.8222,,,95.68274,,,90.84594,,99.650185,91.245544,97.35507,95.014496,95.835976,90.3843,91.43909,95.07305,95.59744,99.90957,96.17271,96.52087,95.772545,,96.46723,101.21517,91.17841,,95.46952,101.64044,101.18659,101.31106,50.21477,96.664795,47.78304,101.393456,,94.144936,,96.382286
1957,,90.66926,95.49636,90.41669,,106.219734,90.93304,,,95.559326,,,90.53193,,99.689575,91.32369,97.32029,95.0841,95.67655,90.43185,91.122795,94.920105,95.38311,100.21931,96.11261,96.84031,95.80746,,96.6337,101.55317,91.066895,,95.20977,101.78787,101.10732,100.930695,50.176533,96.612335,48.006893,100.88445,,94.376945,,96.59045
1958,,90.659004,95.292625,90.76236,,106.198555,90.96075,,,95.370094,,,90.52039,,99.46326,91.110016,97.23722,94.91315,95.38013,90.32894,91.17642,95.08953,95.39843,99.876564,96.22512,96.51206,95.54574,,96.22726,101.43035,91.040794,,95.246,101.57571,100.477295,100.73408,50.22255,96.25161,48.046207,100.79252,,94.018585,,96.332306
1959,,90.779045,95.548775,90.415504,,106.19436,90.61367,,,95.56253,,,90.45166,,99.66381,91.11185,96.83904,95.094765,95.55991,90.417175,91.07363,94.95919,95.57141,100.075615,96.266304,96.2678,95.715965,,96.230064,101.43455,91.08606,,95.18988,101.60769,100.82624,101.11688,50.083393,96.51954,47.959106,100.89901,,93.581535,,96.44248
1960,,90.41959,95.215416,90.29394,,106.14371,90.26044,,,95.42806,,,90.10626,,99.36045,90.57481,96.666595,95.22869,95.83924,90.41355,90.96531,94.75736,95.69511,100.31138,96.28729,96.47541,95.68044,,96.500496,101.33179,91.08848,,95.07223,101.533356,101.38744,101.005646,50.241688,96.194145,47.913982,100.94427,,93.70687,,96.18961
1961,,90.262474,95.50469,90.13575,,106.30301,90.69418,,,95.2562,,,90.33413,,99.260445,90.24204,96.83578,94.9029,95.403564,90.01743,90.85453,94.94873,95.26315,100.14129,96.41628,95.99564,95.49392,,95.98084,100.880516,90.699394,,95.21341,101.735374,100.990906,100.99268,50.167423,96.282585,48.268036,101.3971,,93.97363,,95.992516
1962,,90.17441,95.18496,89.87058,,106.24261,90.40563,,,95.771454,,,90.24057,,99.50458,90.503815,96.71579,94.78565,95.078255,90.375275,90.825356,95.19888,95.35633,99.86317,96.28058,96.45812,94.74905,,96.37317,101.16604,90.54541,,95.16097,100.993675,101.3359,100.907074,50.380066,96.04605,47.924725,101.08149,,93.42039,,96.15476
1963,,90.12314,95.031105,89.95214,,106.29873,90.46104,,,95.73355,,,89.91113,,99.0589,90.20231,97.08853,94.64176,95.32574,90.22877,90.69906,94.80837,95.32059,99.88223,96.32493,96.319756,95.52854,,96.27541,101.03178,90.55655,,94.92532,101.48618,101.43278,101.0777,50.299778,96.12855,47.73672,100.77621,,93.66025,,95.90397
1964,,89.937904,95.15632,89.92922,,105.940765,89.96845,,,95.11474,,,89.80865,,98.77268,90.48351,96.39187,94.678246,95.17919,89.8167,90.55258,94.88995,95.02167,100.18134,96.39323,96.17141,95.22831,,96.12214,101.22268,90.2987,,94.89749,101.14385,101.126366,101.5152,50.214558,96.24869,47.8373,101.1905,,93.87806,,96.55193
1965,,89.64915,95.39976,89.51292,,106.14298,89.94575,,,95.14054,,,89.41861,,98.883575,90.37125,96.68499,94.24889,95.299194,89.8736,90.27834,94.64533,95.294304,99.91806,95.97141,96.24988,95.131065,,95.7772,101.19781,90.26865,,94.94686,101.290436,100.52005,100.88889,50.27292,96.18569,47.672745,101.45115,,93.37812,,95.95042
1966,,89.81314,95.10981,89.745636,,105.94015,90.05463,,,95.035034,,,89.660286,,99.26632,90.033226,96.726135,94.3024,94.87667,89.705864,90.39902,94.76122,95.08252,100.190254,96.582634,96.51588,94.85497,,96.284,100.95931,90.31101,,95.10612,101.157196,100.70426,100.67327,50.195507,96.08783,47.934696,101.278175,,94.093056,,96.19425
1967,,89.62591,95.21619,89.68133,,105.77454,89.97761,,,95.22996,,,89.399445,,98.345665,90.02833,96.73385,94.73484,95.07944,89.70996,90.28568,94.6326,94.79661,100.268776,96.33768,95.7891,95.272865,,95.96461,100.90735,90.43945,,94.721596,101.25213,101.46766,100.77591,50.354076,95.86727,47.880344,100.90442,,93.20179,,95.746
1968,,89.65036,94.87378,89.62057,,106.045815,89.877205,,,94.88559,,,89.372925,,98.943184,89.98238,96.81214,94.406395,95.09845,89.530396,90.08257,94.73879,94.94785,100.02783,96.47422,96.010864,94.99694,,96.31427,101.242546,90.15708,,94.836845,101.056755,101.44384,100.90866,50.209133,96.27859,47.743595,100.56964,,93.40409,,96.17474
1969,,89.60248,94.842705,89.15061,,106.18058,89.62424,,,94.8406,,,89.42731,,98.81778,90.09521,96.68467,94.317635,94.869514,89.34173,89.8585,94.66608,95.22555,99.74805,96.203896,96.1268,94.43375,,96.00568,101.226616,90.02744,,94.48001,100.87466,101.0817,101.26803,50.22287,96.2045,47.88524,101.126656,,92.90798,,96.219696
1970,,89.510956,94.62461,88.792786,,106.10245,89.83389,,,94.52488,,,89.14429,,98.64443,89.649895,96.23355,93.927605,94.81909,88.902626,89.63047,94.96337,94.599266,100.13639,96.184814,96.09536,95.0937,,96.149055,101.18624,89.91271,,94.79199,100.91129,100.675804,101.474174,50.305145,95.88635,47.6499,101.41507,,93.59271,,95.90879
1971,,89.29127,95.235405,89.05233,,105.94463,89.80219,,,94.772255,,,89.04782,,98.58451,89.53336,96.82389,94.45077,94.718994,88.99001,89.976105,94.638664,94.88723,100.147095,96.163795,95.738716,94.98432,,95.98584,100.974144,89.54546,,94.564964,100.593376,101.06336,101.10023,49.73402,95.68964,47.777634,101.48638,,92.90792,,95.94425
1972,,88.93457,95.12088,89.02478,,105.844536,89.79203,,,94.751,,,88.71125,,98.72586,89.688934,96.51682,94.80154,94.52854,88.99823,89.54352,94.57394,94.438896,99.94689,96.24237,95.586395,94.86911,,95.979576,100.835846,89.49255,,94.77245,101.0408,101.14991,101.24188,49.832306,95.77874,47.765568,101.27839,,93.88135,,95.50342
1973,,88.91577,94.72901,88.94569,,106.10606,89.22687,,,95.0839,,,88.93989,,98.91089,89.639885,96.39636,93.97529,94.78906,88.66931,89.447205,94.4663,94.513885,99.78855,96.472046,95.6607,94.82135,,96.023476,101.33853,89.77939,,94.766685,100.78338,101.01345,100.806694,49.905003,95.73153,47.884075,101.3912,,93.430145,,95.725716
1974,,89.067924,94.371544,88.88568,,105.90826,89.22114,,,94.74139,,,88.75132,,98.27541,89.61321,96.48709,94.45056,94.67236,88.99381,89.617,94.48697,94.44324,100.27332,96.19291,95.70651,94.718544,,95.841484,101.03021,89.72259,,94.45133,100.95496,101.3226,101.019325,50.097805,96.07014,47.74762,100.747345,,92.84884,,95.06194
1975,,88.88575,94.62873,88.48806,,105.66999,89.27657,,,94.26481,,,88.41073,,98.2071,89.501656,96.48153,94.48368,94.55961,88.32766,89.532234,94.56714,94.350945,99.784706,96.08337,95.63953,94.5743,,95.61609,100.97466,89.18551,,94.25948,100.832405,101.47455,100.82532,50.178177,96.07279,47.832752,101.22672,,93.36087,,95.48881
1976,,88.96636,94.55198,88.22916,,105.80573,89.0091,,,95.02673,,,88.58896,,98.19068,89.487114,96.30608,94.19163,94.82196,88.26196,89.42502,94.24951,94.67267,99.93021,96.128716,95.524055,94.72146,,96.08994,100.78522,89.02487,,94.21158,101.02835,100.86613,100.961464,49.96169,95.779106,48.050648,101.163414,,93.02169,,95.75791
1977,,88.74448,94.62796,88.42072,,105.94568,88.95023,,,94.55371,,,88.5293,,98.53787,89.0554,96.19459,94.045746,94.50126,88.39767,89.19657,94.7275,94.69416,100.32989,96.00595,95.655525,94.83401,,95.60218,100.80465,88.9614,,94.05206,100.74784,100.87153,101.06308,49.927094,95.80994,47.77064,101.28107,,93.15092,,95.56173
1978,,88.504265,94.56381,88.74999,,106.211975,88.87829,,,94.557335,,,88.44877,,98.32965,89.24292,96.11314,93.98593,94.42252,88.41798,88.81192,94.35105,94.2522,99.92959,96.38056,95.78794,94.13018,,95.66446,101.31821,89.0903,,94.46155,100.33261,101.32633,101.2378,50.059162,95.759926,47.882725,100.875404,,92.74398,,95.41578
1979,,88.33435,94.10183,88.371925,,105.76947,88.70508,,,94.4753,,,88.026375,,98.045265,89.10648,96.1813,94.46688,94.40884,88.23331,89.11509,94.08845,94.0949,99.81558,96.374794,95.77816,94.82375,,95.77537,100.94412,89.27967,,94.46267,101.02088,101.25558,100.97428,50.177547,95.585724,47.958588,101.305534,,92.97227,,95.32147
1980,,88.233665,94.43232,88.07297,,105.5213,88.60134,,,94.60089,,,87.91037,,97.63984,88.78994,95.867424,94.05509,94.34304,87.85236,88.77918,94.55503,94.47302,100.40507,95.987465,95.56192,94.60806,,95.81428,101.36625,89.10137,,94.303894,100.483345,100.81562,101.47262,49.714985,95.89792,47.884624,101.37478,,93.39701,,95.32661
1981,,88.24661,94.09897,88.04365,,105.65281,88.64343,,,94.49712,,,87.83637,,98.3161,88.69286,95.71383,94.428566,94.6069,88.56104,88.96158,94.0823,94.49236,100.35562,96.318855,95.6963,94.512276,,95.37262,100.987114,88.86307,,93.8805,100.4689,100.84539,100.98989,50.03923,95.479004,47.965866,101.024315,,92.89144,,95.06666
1982,,87.961975,94.227104,87.97684,,106.07052,88.99152,,,94.28184,,,87.95615,,97.701355,88.881195,95.65475,94.225494,94.45111,88.13471,89.20916,94.08484,94.45025,100.118645,96.13846,95.311165,94.481544,,95.626686,100.9463,88.640656,,94.45651,100.79835,100.75004,100.60791,49.816074,95.639946,47.642292,101.16037,,92.8172,,95.33377
1983,,87.54597,94.237305,87.785614,,105.30294,88.687965,,,94.093834,,,88.17651,,98.1699,88.59372,95.702934,94.19296,94.29108,87.68499,88.52316,94.28747,94.20406,99.696144,96.15765,95.677635,94.322685,,95.54795,100.29801,88.608315,,93.75629,100.65986,101.00367,101.23124,50.035122,95.26691,47.706387,101.36453,,92.499596,,95.51031
1984,,87.72942,94.058624,87.50176,,105.327,88.266365,,,94.450035,,,87.91105,,97.42031,88.62659,95.542305,94.41135,94.26108,87.60981,88.36905,93.89117,93.82513,99.94059,95.90688,95.59594,93.94071,,95.535225,100.69659,88.48225,,93.64615,100.68915,100.82911,100.962715,50.04537,95.536476,47.42174,101.18174,,92.90808,,95.13572
1985,,87.310295,94.33747,87.486206,,105.49945,88.28188,,,94.584435,,,87.63227,,97.55619,88.35619,95.8823,94.41691,93.89191,87.600746,88.26534,93.94158,93.993004,99.85923,96.0279,95.24432,94.19146,,95.62374,101.19022,88.64902,,94.05548,100.61448,101.09726,100.475494,50.05518,95.55725,47.75176,101.040565,,92.561714,,95.38215
1986,,87.56598,94.05398,87.1522,,105.63743,88.287346,,,94.00602,,,87.45858,,97.71569,88.52189,95.420166,93.450905,94.00982,87.21435,88.40503,93.911476,94.0749,100.0817,96.24057,95.42144,93.7962,,95.13925,101.27549,88.38718,,94.07334,100.56025,101.1164,101.07071,50.047176,95.41125,47.516815,100.363655,,92.50675,,95.16776
1987,,87.34309,94.1605,86.88465,,105.19717,88.248405,,,94.19034,,,87.28302,,97.4422,88.30378,95.6097,94.113304,93.79742,87.46073,88.28995,93.949646,94.18829,100.16529,95.99103,95.25522,94.24047,,95.22555,101.38995,88.53695,,94.16834,100.806725,100.84494,100.833855,50.072216,95.12907,47.625484,100.97469,,92.60847,,95.21139
1988,,87.605995,94.04016,87.14042,,105.618904,87.993164,,,94.03083,,,87.31722,,97.33724,88.18569,95.52027,93.959785,93.95224,87.34912,87.937744,93.81016,94.02177,99.456764,96.24502,95.07206,93.668,,95.03742,101.11868,87.91257,,93.78948,100.648865,101.28449,101.179756,49.78741,94.81894,47.816303,101.145294,,92.39741,,94.91
1989,,87.396545,93.917534,87.11799,,105.803955,87.74778,,,94.03423,,,86.91042,,97.36269,88.00061,95.45867,94.01715,93.671104,87.06592,88.134186,93.944916,94.10135,99.91583,96.31782,95.30249,93.720665,,94.952934,101.18515,88.00787,,93.9923,100.652466,100.94885,101.32484,49.878063,95.2898,47.65093,100.91921,,92.817024,,94.978294
1990,,87.17169,93.70276,87.02185,,105.352104,88.025085,,,93.74704,,,87.12536,,97.00177,88.20197,95.65772,93.55307,94.07321,87.061745,87.981575,93.97409,93.59307,100.26663,95.85885,95.13937,93.73953,,94.72717,101.145905,88.02219,,93.4833,100.49041,100.86081,101.438805,49.944202,95.06672,47.397263,101.14654,,92.19311,,95.15014
1991,,86.80857,93.364105,86.83225,,105.33335,87.66418,,,93.69812,,,87.16425,,97.29382,87.91386,95.54025,93.94968,93.99884,86.95713,87.709755,93.645546,93.844246,99.88744,96.06101,95.33728,93.65389,,95.07511,101.10447,87.92096,,93.52994,100.63901,101.067116,101.07897,50.179096,94.973976,47.390423,101.57543,,92.746704,,94.81879
1992,,87.04574,93.85508,86.80593,,105.374794,87.61973,,,94.20767,,,86.981606,,97.06439,87.75236,95.33938,93.46406,93.75399,86.82954,87.83802,93.48797,93.57371,99.78894,96.0571,95.16955,94.049034,,94.79783,100.56522,87.79723,,93.46517,100.603516,100.83508,101.04788,50.009144,94.75291,47.516544,101.05427,,92.50092,,95.19443
1993,,86.89416,93.871124,86.767525,,105.18778,87.86114,,,93.59954,,,87.075615,,96.85779,87.767265,95.33822,93.485016,93.92666,86.581726,87.55267,93.85105,93.524925,100.178925,96.16552,95.2561,93.48885,,95.08439,100.726166,87.933136,,93.85715,100.12576,100.78134,101.22071,50.01678,94.726074,47.42212,100.68872,,91.87976,,94.94235
1994,,86.61593,93.7085,86.79864,,105.40277,87.68725,,,93.70065,,,86.715385,,97.158905,87.6336,94.98276,93.68386,93.836784,86.38448,87.52274,93.756714,93.324455,100.60974,95.67155,95.19366,93.79758,,94.57508,101.402405,87.82992,,93.63613,100.56683,101.04571,100.92652,49.907745,94.98203,47.51766,101.18348,,92.10447,,95.12967
1995,,86.486565,93.42571,86.530174,,105.49417,87.35239,,,93.72323,,,86.32882,,96.68408,87.6849,95.28894,93.354454,93.67666,86.40946,87.32571,93.54624,93.673775,99.92004,95.88129,94.73596,93.85947,,94.91687,100.93124,87.90371,,93.78637,100.04522,101.11483,100.95704,49.262833,94.7311,47.474125,100.91379,,91.90572,,94.87582
1996,,86.404106,93.44126,86.59611,,105.801155,87.4606,,,93.4212,,,86.82859,,96.68836,87.27526,95.24576,93.68229,93.53928,86.260994,87.65914,93.521675,93.65919,99.9934,95.90798,94.983376,93.740204,,94.55663,100.87133,87.542015,,93.18516,100.85581,101.129265,101.33552,49.58962,94.850586,47.403072,100.46964,,92.00805,,94.91931
1997,,86.21613,93.585655,86.60856,,105.268776,87.277405,,,93.68768,,,86.36294,,96.80506,87.19276,95.129555,93.815575,93.57789,86.216,87.60696,94.01292,93.32812,99.729866,96.307,94.75351,93.45984,,94.37557,100.20938,87.10733,,93.154106,100.6562,101.160126,100.98645,49.776306,94.82843,47.586926,100.97724,,92.650215,,94.6203
1998,,86.11826,93.11976,86.0879,,105.111626,87.23632,,,93.35717,,,85.917015,,96.76996,86.883606,94.78122,93.430786,93.408844,86.178314,87.368416,93.20437,93.43084,100.03213,95.88093,94.8036,93.60084,,94.69483,101.14167,87.232635,,93.54462,100.260254,101.03042,100.57263,49.7744,94.54801,47.34901,101.26508,,92.02656,,94.68453
1999,,85.88093,93.28668,86.215096,,105.48011,86.933136,,,93.31306,,,85.97439,,96.92533,87.23248,95.33979,92.715385,93.7712,85.92658,87.293526,93.31653,93.52056,99.95974,95.96984,94.388,93.27374,,94.61668,101.11323,87.73229,,93.35952,100.33411,100.86887,100.86402,49.689114,94.77599,47.671673,100.62192,,91.63624,,94.79208
2000,,,93.062775,,,,,,,92.872734,,,,,,,,93.48017,93.56808,,,93.766136,93.29605,100.13526,,,93.22393,,,101.06962,,,93.18493,100.35902,100.954865,101.45063,49.936264,,47.59071,101.0444,,,,
2001,,,,,,,,,,,,,,,,,,,,,,,,,,,,,,,,,,,,,49.610676,,47.42947,,,,,
2002,,,,,,,,,,,,,,,,,,,,,,,,,,,,,,,,,,,,,49.732853,,47.55713,,,,,
2003,,,,,,,,,,,,,,,,,,,,,,,,,,,,,,,,,,,,,49.57632,,47.462936,,,,,
2004,,,,,,,,,,,,,,,,,,,,,,,,,,,,,,,,,,,,,49.69356,,47.739063,,,,,
2005,,,,,,,,,,,,,,,,,,,,,,,,,,,,,,,,,,,,,49.683563,,47.62055,,,,,
2006,,,,,,,,,,,,,,,,,,,,,,,,,,,,,,,,,,,,,49.604507,,47.544754,,,,,
2007,,,,,,,,,,,,,,,,,,,,,,,,,,,,,,,,,,,,,49.71315,,47.314774,,,,,
2008,,,,,,,,,,,,,,,,,,,,,,,,,,,,,,,,,,,,,49.67905,,47.233322,,,,,
2009,,,,,,,,,,,,,,,,,,,,,,,,,,,,,,,,,,,,,49.87351,,47.34689,,,,,
2010,,,,,,,,,,,,,,,,,,,,,,,,,,,,,,,,,,,,,49.613483,,47.431137,,,,,
2011,,,,,,,,,,,,,,,,,,,,,,,,,,,,,,,,,,,,,49.601196,,47.362167,,,,,
2012,,,,,,,,,,,,,,,,,,,,,,,,,,,,,,,,,,,,,49.798477,,47.261845,,,,,
2013,,,,,,,,,,,,,,,,,,,,,,,,,,,,,,,,,,,,,49.52802,,47.42618,,,,,
2014,,,,,,,,,,,,,,,,,,,,,,,,,,,,,,,,,,,,,49.59116,,47.33443,,,,,
3030,,,,,,,,,,,,,,,,,,,,,,,,,,,,,,,,,,,,,,,,,56.38917,,,
3031,,,,,,,,,,,,,,,,,,,,,,,,,,,,,,,,,,,,,,,,,56.314793,,,
3032,,,,,,,,,,,,,,,,,,,,,,,,,,,,,,,,,,,,,,,,,56.20735,,,
3033,,,,,,,,,,,,,,,,,,,,,,,,,,,,,,,,,,,,,,,,,56.15327,,,
3034,,,,,,,,,,,,,,,,,,,,,,,,,,,,,,,,,,,,,,,,,56.341213,,,
3035,,,,,,,,,,,56.32483,,,,,,,,,,,,,,,,,,,,,,,,,,,,,,56.221966,,,
3036,,,,,,,,,,,56.133465,,,,,,,,,,,,,,,,,,,,,,,,,,,,,,56.236343,,,
3037,,,,,,,,,,,56.271423,,,,,,,,,,,,,,,,,,,,,,,,,,,,,,56.277576,,,
3038,,,,,,,,,,,56.213802,,,,,,,,,,,,,,,,,,,,,,,,,,,,,,56.403027,,,
3039,,,,,,,,,,,55.95964,,,,,,,,,,,,,,,,,,,,,,,,,,,,,,56.180912,,,
3040,,,,,,,,,,,56.335682,,,,,,,,,,,,,,,,,,,,,,,,,,,,,,56.056976,,,
3041,,,,,,,,,,,56.477047,,,,,,,,,,,,,,,,,,,,,,,,,,,,,,56.210003,,,
3042,,,,,,,,,,,56.218918,,,,,,,,,,,,,,,,,,,,,,,,,,,,,,56.202946,,,
3043,,,,,,,,,,,56.307583,,,,,,,,,,,,,,,,,,,,,,,,,,,,,,56.177185,,,
3044,,,,,,,,,,,56.16394,,,,,,,,,,,,,,,,,,,,,,,,,,,,,,56.1125,,,
3045,,,,,,,,,,,56.048702,,,,,,,,,,,,,,,,,,,,,,,,,,,,,,56.245163,,,
3046,,,,,,,,,,,56.17789,,,,,,,,,,,,,,,,,,,,,,,,,,,,,,56.274097,,,
3047,,,,,,,,,,,56.27533,,,,,,,,,,,,,,,,,,,,,,,,,,,,,,56.09688,,,
3048,,,,,,,,,,,56.181732,,,,,,,,,,,,,,,,,,,,,,,,,,,,,,56.16303,,,
3049,,,,,,,,,,,56.106094,,,,,,,,,,,,,,,,,,,,,,,,,,,,,,56.077625,,,
3050,,,,,,,,,,,56.197952,,,,,,,,,,,,,,,,,,,,,,,,,,,,,,56.193604,,,
3051,,,,,,,,,,,56.166782,,,,,,,,,,,,,,,,,,,,,,,,,,,,,,56.38971,,,
3052,,,,,,,,,,,56.347885,,,,,,,,,,,,,,,,,,,,,,,,,,,,,,56.19936,,,
3053,,,,,,,,,,,56.01324,,,,,,,,,,,,,,,,,,,,,,,,,,,,,,56.05115,,,
3054,,,,,,,,,,,56.577114,,,,,,,,,,,,,,,,,,,,,,,,,,,,,,56.1819,,,
3055,,,,,,,,,,,56.12233,,,,,,,,,,,,,,,,,,,,,,,,,,,,,,56.00453,,,
3056,,,,,,,,,,,56.263615,,,,,,,,,,,,,,,,,,,,,,,,,,,,,,56.25557,,,
3057,,,,,,,,,,,56.241924,,,,,,,,,,,,,,,,,,,,,,,,,,,,,,56.074924,,,
3058,,,,,,,,,,,55.95529,,,,,,,,,,,,,,,,,,,,,,,,,,,,,,56.034473,,,
3059,,,,,,,,,,,56.13763,,,,,,,,,,,,,,,,,,,,,,,,,,,,,,55.928265,,,
3060,,,,,,,,,,,56.037746,,,,,,,,,,,,,,,,,,,,,,,,,,,,,,56.068096,,,
3061,,,,,,,,,,,56.07242,,,,,,,,,,,,,,,,,,,,,,,,,,,,,,56.168762,,,
3062,,,,,,,,,,,56.22112,,,,,,,,,,,,,,,,,,,,,,,,,,,,,,56.326733,,,
3063,,,,,,,,,,,56.1606,,,,,,,,,,,,,,,,,,,,,,,,,,,,,,56.01491,,,
3064,,,,,,,,,,,56.25764,,,,,,,,,,,,,,,,,,,,,,,,,,,,,,56.259724,,,
3065,,,,,,,,,,,56.05356,,,,,,,,,,,,,,,,,,,,,,,,,,,,,,56.00696,,,
3066,,,,,,,,,,,55.97575,,,,,,,,,,,,,,,,,,,,,,,,,,,,,,56.244385,,,
3067,,,,,,,,,,,56.229168,,,,,,,,,,,,,,,,,,,,,,,,,,,,,,56.030956,,,
3068,,,,,,,,,,,56.193542,,,,,,,,,,,,,,,,,,,,,,,,,,,,,,56.12907,,,
3069,,,,,,,,,,,56.00885,,,,,,,,,,,,,,,,,,,,,,,,,,,,,,56.055588,,,
3070,,,,,,,,,,,56.183765,,,,,,,,,,,,,,,,,,,,,,,,,,,,,,56.139526,,,
3071,,,,,,,,,,,55.975845,,,,,,,,,,,,,,,,,,,,,,,,,,,,,,55.815395,,,
3072,,,,,,,,,,,56.156544,,,,,,,,,,,,,,,,,,,,,,,,,,,,,,56.037556,,,
3073,,,,,,,,,,,56.238895,,,,,,,,,,,,,,,,,,,,,,,,,,,,,,56.163525,,,
3074,,,,,,,,,,,56.066513,,,,,,,,,,,,,,,,,,,,,,,,,,,,,,56.202362,,,
3075,,,,,,,,,,,56.00482,,,,,,,,,,,,,,,,,,,,,,,,,,,,,,55.935726,,,
3076,,,,,,,,,,,56.29336,,,,,,,,,,,,,,,,,,,,,,,,,,,,,,56.14061,,,
3077,,,,,,,,,,,55.99336,,,,,,,,,,,,,,,,,,,,,,,,,,,,,,56.049664,,,
3078,,,,,,,,,,,56.162384,,,,,,,,,,,,,,,,,,,,,,,,,,,,,,55.986744,,,
3079,,,,,,,,,,,55.860535,,,,,,,,,,,,,,,,,,,,,,,,,,,,,,56.161243,,,
3080,,,,,,,,,,,56.136642,,,,,,,,,,,,,,,,,,,,,,,,,,,,,,56.108612,,,
3081,,,,,,,,,,,55.958923,,,,,,,,,,,,,,,,,,,,,,,,,,,,,,56.087383,,,
3082,,,,,,,,,,,56.10342,,,,,,,,,,,,,,,,,,,,,,,,,,,,,,55.962265,,,
3083,,,,,,,,,,,56.08789,,,,,,,,,,,,,,,,,,,,,,,,,,,,,,56.06955,,,
3084,,,,,,,,,,,56.08977,,,,,,,,,,,,,,,,,,,,,,,,,,,,,,55.894394,,,
3085,,,,,,,,,,,56.01799,,,,,,,,,,,,,,,,,,,,,,,,,,,,,,56.16504,,,
3086,,,,,,,,,,,55.923965,,,,,,,,,,,,,,,,,,,,,,,,,,,,,,55.925335,,,
3087,,,,,,,,,,,56.062046,,,,,,,,,,,,,,,,,,,,,,,,,,,,,,56.0421,,,
3088,,,,,,,,,,,56.051407,,,,,,,,,,,,,,,,,,,,,,,,,,,,,,55.901352,,,
3089,,,,,,,,,,,55.863262,,,,,,,,,,,,,,,,,,,,,,,,,,,,,,55.857788,,,
3090,,,,,,,,,,,56.047028,,,,,,,,,,,,,,,,,,,,,,,,,,,,,,55.991177,,,
3091,,,,,,,,,,,55.587116,,,,,,,,,,,,,,,,,,,,,,,,,,,,,,55.983288,,,
3092,,,,,,,,,,,55.986378,,,,,,,,,,,,,,,,,,,,,,,,,,,,,,55.964413,,,
3093,,,,,,,,,,,55.900265,,,,,,,,,,,,,,,,,,,,,,,,,,,,,,55.991604,,,
3094,,,,,,,,,,,56.087692,,,,,,,,,,,,,,,,,,,,,,,,,,,,,,56.17296,,,
3095,,,,,,,,,,,55.878994,,,,,,,,,,,,,,,,,,,,,,,,,,,,,,55.90884,,,
3096,,,,,,,,,,,56.080524,,,,,,,,,,,,,,,,,,,,,,,,,,,,,,55.893536,,,
3097,,,,,,,,,,,55.901134,,,,,,,,,,,,,,,,,,,,,,,,,,,,,,55.86966,,,
3098,,,,,,,,,,,55.795277,,,,,,,,,,,,,,,,,,,,,,,,,,,,,,55.87218,,,
3099,,,,,,,,,,,55.922497,,,,,,,,,,,,,,,,,,,,,,,,,,,,,,56.120407,,,
3100,,,,,,,,,,,55.957165,,,,,,,,,,,,,,,,,,,,,,,,,,,,,,55.87151,,,
3101,,,,,,,,,,,55.99899,,,,,,,,,,,,,,,,,,,,,,,,,,,,,,56.064102,,,
3102,,,,,,,,,,,56.089996,,,,,,,,,,,,,,,,,,,,,,,,,,,,,,55.976734,,,
3103,,,,,,,,,,,55.788876,,,,,,,,,,,,,,,,,,,,,,,,,,,,,,55.97701,,,
3104,,,,,,,,,,,56.05335,,,,,,,,,,,,,,,,,,,,,,,,,,,,,,55.817272,,,
3105,,,,,,,,,,,55.992245,,,,,,,,,,,,,,,,,,,,,,,,,,,,,,55.60483,,,
3106,,,,,,,,,,,56.15826,,,,,,,,,,,,,,,,,,,,,,,,,,,,,,56.057293,,,
3107,,,,,,,,,,,55.86319,,,,,,,,,,,,,,,,,,,,,,,,,,,,,,55.859314,,,
3108,,,,,,,,,,,55.98837,,,,,,,,,,,,,,,,,,,,,,,,,,,,,,56.28867,,,
3109,,,,,,,,,,,56.139526,,,,,,,,,,,,,,,,,,,,,,,,,,,,,,55.77833,,,
3110,,,,,,,,,,,55.94369,,,,,,,,,,,,,,,,,,,,,,,,,,,,,,55.798283,,,
3111,,,,,,,,,,,56.03187,,,,,,,,,,,,,,,,,,,,,,,,,,,,,,55.902454,,,
3112,,,,,,,,,,,55.805485,,,,,,,,,,,,,,,,,,,,,,,,,,,,,,55.70699,,,
3113,,,,,,,,,,,56.00922,,,,,,,,,,,,,,,,,,,,,,,,,,,,,,55.682537,,,
3114,,,,,,,,,,,55.73437,,,,,,,,,,,,,,,,,,,,,,,,,,,,,,55.80293,,,
3115,,,,,,,,,,,55.86914,,,,,,,,,,,,,,,,,,,,,,,,,,,,,,55.675198,,,
3116,,,,,,,,,,,56.006794,,,,,,,,,,,,,,,,,,,,,,,,,,,,,,55.870716,,,
3117,,,,,,,,,,,55.52463,,,,,,,,,,,,,,,,,,,,,,,,,,,,,,55.793575,,,
3118,,,,,,,,,,,55.630283,,,,,,,,,,,,,,,,,,,,,,,,,,,,,,55.765705,,,
3119,,,,,,,,,,,55.78389,,,,,,,,,,,,,,,,,,,,,,,,,,,,,,55.683365,,,
3120,,,,,,,,,,,56.075207,,,,,,,,,,,,,,,,,,,,,,,,,,,,,,56.085186,,,
3121,,,,,,,,,,,55.794384,,,,,,,,,,,,,,,,,,,,,,,,,,,,,,55.807568,,,
3122,,,,,,,,,,,55.95259,,,,,,,,,,,,,,,,,,,,,,,,,,,,,,55.574734,,,
3123,,,,,,,,,,,55.81267,,,,,,,,,,,,,,,,,,,,,,,,,,,,,,55.881542,,,
3124,,,,,,,,,,,55.9256,,,,,,,,,,,,,,,,,,,,,,,,,,,,,,55.88129,,,
3125,,,,,,,,,,,55.815323,,,,,,,,,,,,,,,,,,,,,,,,,,,,,,55.707287,,,
3126,,,,,,,,,,,55.98802,,,,,,,,,,,,,,,,,,,,,,,,,,,,,,56.287098,,,
3127,,,,,,,,,,,55.712696,,,,,,,,,,,,,,,,,,,,,,,,,,,,,,55.868195,,,
3128,,,,,,,,,,,55.78613,,,,,,,,,,,,,,,,,,,,,,,,,,,,,,56.12024,,,
3129,,,,,,,,,,,56.024796,,,,,,,,,,,,,,,,,,,,,,,,,,,,,,55.588078,,,
3130,,,,,,,,,,,55.779705,,,,,,,,,,,,,,,,,,,,,,,,,,,,,,55.753677,,,
3131,,,,,,,,,,,55.7712,,,,,,,,,,,,,,,,,,,,,,,,,,,,,,55.88295,,,
3132,,,,,,,,,,,55.83459,,,,,,,,,,,,,,,,,,,,,,,,,,,,,,55.893665,,,
3133,,,,,,,,,,,55.80231,,,,,,,,,,,,,,,,,,,,,,,,,,,,,,55.769943,,,
3134,,,,,,,,,,,55.737324,,,,,,,,,,,,,,,,,,,,,,,,,,,,,,55.59738,,,
3135,,,,,,,,,,,55.80284,,,,,,,,,,,,,,,,,,,,,,,,,,,,,,55.96646,,,
3136,,,,,,,,,,,55.637924,,,,,,,,,,,,,,,,,,,,,,,,,,,,,,55.758205,,,
3137,,,,,,,,,,,55.954197,,,,,,,,,,,,,,,,,,,,,,,,,,,,,,55.771946,,,
3138,,,,,,,,,,,55.837177,,,,,,,,,,,,,,,,,,,,,,,,,,,,,,55.862347,,,
3139,,,,,,,,,,,55.747086,,,,,,,,,,,,,,,,,,,,,,,,,,,,,,55.827393,,,
3140,,,,,,,,,,,55.45522,,,,,,,,,,,,,,,,,,,,,,,,,,,,,,55.891552,,,
3141,,,,,,,,,,,55.91449,,,,,,,,,,,,,,,,,,,,,,,,,,,,,,55.61664,,,
3142,,,,,,,,,,,56.01837,,,,,,,,,,,,,,,,,,,,,,,,,,,,,,55.876377,,,
3143,,,,,,,,,,,55.743923,,,,,,,,,,,,,,,,,,,,,,,,,,,,,,55.69179,,,
3144,,,,,,,,,,,55.8649,,,,,,,,,,,,,,,,,,,,,,,,,,,,,,55.904682,,,
3145,,,,,,,,,,,55.827045,,,,,,,,,,,,,,,,,,,,,,,,,,,,,,55.902363,,,
3146,,,,,,,,,,,55.848904,,,,,,,,,,,,,,,,,,,,,,,,,,,,,,55.789852,,,
3147,,,,,,,,,,,55.69508,,,,,,,,,,,,,,,,,,,,,,,,,,,,,,55.916363,,,
3148,,,,,,,,,,,55.89481,,,,,,,,,,,,,,,,,,,,,,,,,,,,,,55.94051,,,
3149,,,,,,,,,,,55.619694,,,,,,,,,,,,,,,,,,,,,,,,,,,,,,55.813793,,,
3150,,,,,,,,,,,55.83896,,,,,,,,,,,,,,,,,,,,,,,,,,,,,,55.86661,,,
3151,,,,,,,,,,,55.972683,,,,,,,,,,,,,,,,,,,,,,,,,,,,,,55.811924,,,
3152,,,,,,,,,,,55.63532,,,,,,,,,,,,,,,,,,,,,,,,,,,,,,55.77341,,,
3153,,,,,,,,,,,55.712254,,,,,,,,,,,,,,,,,,,,,,,,,,,,,,55.7839,,,
3154,,,,,,,,,,,55.84073,,,,,,,,,,,,,,,,,,,,,,,,,,,,,,55.51988,,,
3155,,,,,,,,,,,55.993015,,,,,,,,,,,,,,,,,,,,,,,,,,,,,,55.534454,,,
3156,,,,,,,,,,,55.894703,,,,,,,,,,,,,,,,,,,,,,,,,,,,,,55.689953,,,
3157,,,,,,,,,,,55.449295,,,,,,,,,,,,,,,,,,,,,,,,,,,,,,55.47775,,,
3158,,,,,,,,,,,56.079937,,,,,,,,,,,,,,,,,,,,,,,,,,,,,,55.936214,,,
3159,,,,,,,,,,,55.7429,,,,,,,,,,,,,,,,,,,,,,,,,,,,,,55.726856,,,
3160,,,,,,,,,,,55.648273,,,,,,,,,,,,,,,,,,,,,,,,,,,,,,55.615814,,,
3161,,,,,,,,,,,55.88048,,,,,,,,,,,,,,,,,,,,,,,,,,,,,,55.609814,,,
3162,,,,,,,,,,,56.062042,,,,,,,,,,,,,,,,,,,,,,,,,,,,,,55.906925,,,
3163,,,,,,,,,,,55.74792,,,,,,,,,,,,,,,,,,,,,,,,,,,,,,55.624237,,,
3164,,,,,,,,,,,55.87292,,,,,,,,,,,,,,,,,,,,,,,,,,,,,,55.45212,,,
3165,,,,,,,,,,,55.638092,,,,,,,,,,,,,,,,,,,,,,,,,,,,,,55.889797,,,
3166,,,,,,,,,,,55.582962,,,,,,,,,,,,,,,,,,,,,,,,,,,,,,55.73598,,,
3167,,,,,,,,,,,55.855225,,,,,,,,,,,,,,,,,,,,,,,,,,,,,,55.68962,,,
3168,,,,,,,,,,,55.916996,,,,,,,,,,,,,,,,,,,,,,,,,,,,,,55.531544,,,
3169,,,,,,,,,,,55.791264,,,,,,,,,,,,,,,,,,,,,,,,,,,,,,55.568356,,,
3170,,,,,,,,,,,55.762493,,,,,,,,,,,,,,,,,,,,,,,,,,,,,,55.9142,,,
3171,,,,,,,,,,,55.851746,,,,,,,,,,,,,,,,,,,,,,,,,,,,,,55.778534,,,
3172,,,,,,,,,,,55.558346,,,,,,,,,,,,,,,,,,,,,,,,,,,,,,55.652542,,,
3173,,,,,,,,,,,55.803104,,,,,,,,,,,,,,,,,,,,,,,,,,,,,,55.81317,,,
3174,,,,,,,,,,,55.854572,,,,,,,,,,,,,,,,,,,,,,,,,,,,,,55.52069,,,
3175,,,,,,,,,,,55.928318,,,,,,,,,,,,,,,,,,,,,,,,,,,,,,55.66923,,,
3176,,,,,,,,,,,55.83641,,,,,,,,,,,,,,,,,,,,,,,,,,,,,,55.596302,,,
3177,,,,,,,,,,,55.539753,,,,,,,,,,,,,,,,,,,,,,,,,,,,,,55.690083,,,
3178,,,,,,,,,,,55.90796,,,,,,,,,,,,,,,,,,,,,,,,,,,,,,55.909077,,,
3179,,,,,,,,,,,55.627804,,,,,,,,,,,,,,,,,,,,,,,,,,,,,,55.665134,,,
3180,,,,,,,,,,,55.63965,,,,,,,,,,,,,,,,,,,,,,,,,,,,,,,,,
3181,,,,,,,,,,,56.030926,,,,,,,,,,,,,,,,,,,,,,,,,,,,,,,,,
3182,,,,,,,,,,,55.530674,,,,,,,,,,,,,,,,,,,,,,,,,,,,,,,,,
3183,,,,,,,,,,,55.658142,,,,,,,,,,,,,,,,,,,,,,,,,,,,,,,,,
3184,,,,,,,,,,,55.601337,,,,,,,,,,,,,,,,,,,,,,,,,,,,,,,,,
3200,,,,,,,,,,,,109.21502,,,,,,,,,,,,,,,,,,,,,,,,,,,,,,,,
3201,,,,,,,,,,,,108.75199,,,,,,,,,,,,,,,,,,,,,,,,,,,,,,,,
3202,,,,,,,,,,,,108.92596,,,,,,,,,,,,,,,,,,,,,,,,,,,,,,,,
3203,,,,,,,,,,,,108.94126,,,,,,,,,,,,,,,,,,,,,,,,,,,,,,,,
3204,,,,,,,,,,,,108.836815,,,,,,,,,,,,,,,,,,,,,,,,,,,,,,,,
3205,,,,,,,,,,,,108.863976,,,,,,,,,,,,,,,,,,,,,,,,,,,,,,,,
3206,,,,,,,,,,,,108.697105,,,,,,,,,,,,,,,,,,,,,,,,,,,,,,,,
3207,,,,,,,,,,,,108.48902,,,,,,,,,,,,,,,,,,,,,,,,,,,,,,,,
3208,,,,,,,,,,,,108.47174,,,,,,,,,,,,,,,,,,,,,,,,,,,,,,,,
3209,,,,,,,,,,,,108.71566,,,,,,,,,,,,,,,,,,,,,,,,,,,,,,,,
3210,,,,,,,,,,,,108.59375,,,,,,,,,,,,,,,,,,,,,,,,,,,,,,,,
3211,,,,,,,,,,,,109.00869,,,,,,,,,,,,,,,,,,,,,,,,,,,,,,,,
3212,,,,,,,,,,,,108.84266,,,,,,,,,,,,,,,,,,,,,,,,,,,,,,,,
3213,,,,,,,,,,,,109.03538,,,,,,,,,,,,,,,,,,,,,,,,,,,,,,,,
3214,,,,,,,,,,,,109.13315,,,,,,,,,,,,,,,,,,,,,,,,,,,,,,,,
3215,,,,,,,,,,,,108.59421,,,,,,,,,,,,,,,,,,,,,,,,,,,,,,,,
3216,,,,,,,,,,,,108.516136,,,,,,,,,,,,,,,,,,,,,,,,,,,,,,,,
3217,,,,,,,,,,,,108.641266,,,,,,,,,,,,,,,,,,,,,,,,,,,,,,,,
3218,,,,,,,,,,,,108.71491,,,,,,,,,,,,,,,,,,,,,,,,,,,,,,,,
3219,,,,,,,,,,,,108.85203,,,,,,,,,,,,,,,,,,,,,,,,,,,,,,,,
3220,,,,,,,,,,,,108.51417,,,,,,,,,,,,,,,,,,,,,,,,,,,,,,,,
3221,,,,,,,,,,,,108.192444,,,,,,,,,,,,,,,,,,,,,,,,,,,,,,,,
3222,,,,,,,,,,,,108.59668,,,,,,,,,,,,,,,,,,,,,,,,,,,,,,,,
3223,,,,,,,,,,,,108.46168,,,,,,,,,,,,,,,,,,,,,,,,,,,,,,,,
3224,,,,,,,,,,,,108.64266,,,,,,,,,,,,,,,,,,,,,,,,,,,,,,,,
3225,,,,,,,,,,,,108.39811,,,,,,,,,,,,,,,,,,,,,,,,,,,,,,,,
3226,,,,,,,,,,,,108.51188,,,,,,,,,,,,,,,,,,,,,,,,,,,,,,,,
3227,,,,,,,,,,,,108.65075,,,,,,,,,,,,,,,,,,,,,,,,,,,,,,,,
3228,,,,,,,,,,,,108.13281,,,,,,,,,,,,,,,,,,,,,,,,,,,,,,,,
3229,,,,,,,,,,,,108.36856,,,,,,,,,,,,,,,,,,,,,,,,,,,,,,,,
3230,,,,,,,,,,,,108.450584,,,,,,,,,,,,,,,,,,,,,,,,,,,,,,,,
3231,,,,,,,,,,,,108.321144,,,,,,,,,,,,,,,,,,,,,,,,,,,,,,,,
3232,,,,,,,,,,,,108.29542,,,,,,,,,,,,,,,,,,,,,,,,,,,,,,,,
3233,,,,,,,,,,,,108.22512,,,,,,,,,,,,,,,,,,,,,,,,,,,,,,,,
3234,,,,,,,,,,,,108.85842,,,,,,,,,,,,,,,,,,,,,,,,,,,,,,,,
3235,,,,,,,,,,,,108.10626,,,,,,,,,,,,,,,,,,,,,,,,,,,,,,,,
3236,,,,,,,,,,,,107.95472,,,,,,,,,,,,,,,,,,,,,,,,,,,,,,,,
3237,,,,,,,,,,,,108.21991,,,,,,,,,,,,,,,,,,,,,,,,,,,,,,,,
3238,,,,,,,,,,,,108.45709,,,,,,,,,,,,,,,,,,,,,,,,,,,,,,,,
3239,,,,,,,,,,,,108.14661,,,,,,,,,,,,,,,,,,,,,,,,,,,,,,,,
3240,,,,,,,,,,,,108.124825,,,,,,,,,,,,,,,,,,,,,,,,,,,,,,,,
3241,,,,,,,,,,,,108.08341,,,,,,,,,,,,,,,,,,,,,,,,,,,,,,,,
3242,,,,,,,,,,,,108.55975,,,,,,,,,,,,,,,,,,,,,,,,,,,,,,,,
3243,,,,,,,,,,,,108.09506,,,,,,,,,,,,,,,,,,,,,,,,,,,,,,,,
3244,,,,,,,,,,,,108.20492,,,,,,,,,,,,,,,,,,,,,,,,,,,,,,,,
3245,,,,,,,,,,,,108.06907,,,,,,,,,,,,,,,,,,,,,,,,,,,,,,,,
3246,,,,,,,,,,,,108.04159,,,,,,,,,,,,,,,,,,,,,,,,,,,,,,,,
3247,,,,,,,,,,,,108.098885,,,,,,,,,,,,,,,,,,,,,,,,,,,,,,,,
3248,,,,,,,,,,,,107.96134,,,,,,,,,,,,,,,,,,,,,,,,,,,,,,,,
3249,,,,,,,,,,,,107.82733,,,,,,,,,,,,,,,,,,,,,,,,,,,,,,,,
3250,,,,,,,,,,,,108.101105,,,,,,,,,,,,,,,,,,,,,,,,,,,,,,,,
3251,,,,,,,,,,,,108.02893,,,,,,,,,,,,,,,,,,,,,,,,,,,,,,,,
3252,,,,,,,,,,,,107.414246,,,,,,,,,,,,,,,,,,,,,,,,,,,,,,,,
3253,,,,,,,,,,,,108.21847,,,,,,,,,,,,,,,,,,,,,,,,,,,,,,,,
3254,,,,,,,,,,,,107.85757,,,,,,,,,,,,,,,,,,,,,,,,,,,,,,,,
3255,,,,,,,,,,,,108.1829,,,,,,,,,,,,,,,,,,,,,,,,,,,,,,,,
3256,,,,,,,,,,,,107.713036,,,,,,,,,,,,,,,,,,,,,,,,,,,,,,,,
3257,,,,,,,,,,,,107.690056,,,,,,,,,,,,,,,,,,,,,,,,,,,,,,,,
3258,,,,,,,,,,,,107.70289,,,,,,,,,,,,,,,,,,,,,,,,,,,,,,,,
3259,,,,,,,,,,,,107.78286,,,,,,,,,,,,,,,,,,,,,,,,,,,,,,,,
3260,,,,,,,,,,,,107.8243,,,,,,,,,,,,,,,,,,,,,,,,,,,,,,,,
3261,,,,,,,,,,,,107.48163,,,,,,,,,,,,,,,,,,,,,,,,,,,,,,,,
3262,,,,,,,,,,,,107.47123,,,,,,,,,,,,,,,,,,,,,,,,,,,,,,,,
3263,,,,,,,,,,,,108.01669,,,,,,,,,,,,,,,,,,,,,,,,,,,,,,,,
3264,,,,,,,,,,,,107.4983,,,,,,,,,,,,,,,,,,,,,,,,,,,,,,,,
3265,,,,,,,,,,,,107.611786,,,,,,,,,,,,,,,,,,,,,,,,,,,,,,,,
3266,,,,,,,,,,,,107.33215,,,,,,,,,,,,,,,,,,,,,,,,,,,,,,,,
3267,,,,,,,,,,,,107.55893,,,,,,,,,,,,,,,,,,,,,,,,,,,,,,,,
3268,,,,,,,,,,,,107.2316,,,,,,,,,,,,,,,,,,,,,,,,,,,,,,,,
3269,,,,,,,,,,,,107.57727,,,,,,,,,,,,,,,,,,,,,,,,,,,,,,,,
3270,,,,,,,,,,,,107.50277,,,,,,,,,,,,,,,,,,,,,,,,,,,,,,,,
3271,,,,,,,,,,,,107.33109,,,,,,,,,,,,,,,,,,,,,,,,,,,,,,,,
3272,,,,,,,,,,,,107.29356,,,,,,,,,,,,,,,,,,,,,,,,,,,,,,,,
3273,,,,,,,,,,,,107.2866,,,,,,,,,,,,,,,,,,,,,,,,,,,,,,,,
3274,,,,,,,,,,,,107.75686,,,,,,,,,,,,,,,,,,,,,,,,,,,,,,,,
3275,,,,,,,,,,,,107.57505,,,,,,,,,,,,,,,,,,,,,,,,,,,,,,,,
3276,,,,,,,,,,,,107.37774,,,,,,,,,,,,,,,,,,,,,,,,,,,,,,,,
3277,,,,,,,,,,,,107.21051,,,,,,,,,,,,,,,,,,,,,,,,,,,,,,,,
3278,,,,,,,,,,,,107.15259,,,,,,,,,,,,,,,,,,,,,,,,,,,,,,,,
3279,,,,,,,,,,,,106.78512,,,,,,,,,,,,,,,,,,,,,,,,,,,,,,,,
3280,,,,,,,,,,,,107.263435,,,,,,,,,,,,,,,,,,,,,,,,,,,,,,,,
3281,,,,,,,,,,,,106.81332,,,,,,,,,,,,,,,,,,,,,,,,,,,,,,,,
3282,,,,,,,,,,,,106.908226,,,,,,,,,,,,,,,,,,,,,,,,,,,,,,,,
3283,,,,,,,,,,,,106.78451,,,,,,,,,,,,,,,,,,,,,,,,,,,,,,,,
3284,,,,,,,,,,,,107.78542,,,,,,,,,,,,,,,,,,,,,,,,,,,,,,,,
3285,,,,,,,,,,,,106.68268,,,,,,,,,,,,,,,,,,,,,,,,,,,,,,,,
3286,,,,,,,,,,,,106.9587,,,,,,,,,,,,,,,,,,,,,,,,,,,,,,,,
3287,,,,,,,,,,,,106.97895,,,,,,,,,,,,,,,,,,,,,,,,,,,,,,,,
3288,,,,,,,,,,,,106.92637,,,,,,,,,,,,,,,,,,,,,,,,,,,,,,,,
3289,,,,,,,,,,,,107.105385,,,,,,,,,,,,,,,,,,,,,,,,,,,,,,,,
3290,,,,,,,,,,,,106.927376,,,,,,,,,,,,,,,,,,,,,,,,,,,,,,,,
3291,,,,,,,,,,,,107.051155,,,,,,,,,,,,,,,,,,,,,,,,,,,,,,,,
3292,,,,,,,,,,,,106.99522,,,,,,,,,,,,,,,,,,,,,,,,,,,,,,,,
3293,,,,,,,,,,,,106.82937,,,,,,,,,,,,,,,,,,,,,,,,,,,,,,,,
3294,,,,,,,,,,,,107.12667,,,,,,,,,,,,,,,,,,,,,,,,,,,,,,,,
3295,,,,,,,,,,,,107.181946,,,,,,,,,,,,,,,,,,,,,,,,,,,,,,,,
3296,,,,,,,,,,,,106.855736,,,,,,,,,,,,,,,,,,,,,,,,,,,,,,,,
3297,,,,,,,,,,,,106.632835,,,,,,,,,,,,,,,,,,,,,,,,,,,,,,,,
3298,,,,,,,,,,,,106.92273,,,,,,,,,,,,,,,,,,,,,,,,,,,,,,,,
3299,,,,,,,,,,,,106.558685,,,,,,,,,,,,,,,,,,,,,,,,,,,,,,,,
3300,,,,,,,,,,,,106.79604,,,,,,,,,,,,,,,,,,,,,,,,,,,,,,,,
3301,,,,,,,,,,,,106.83849,,,,,,,,,,,,,,,,,,,,,,,,,,,,,,,,
3302,,,,,,,,,,,,106.5708,,,,,,,,,,,,,,,,,,,,,,,,,,,,,,,,
3303,,,,,,,,,,,,106.653755,,,,,,,,,,,,,,,,,,,,,,,,,,,,,,,,
3304,,,,,,,,,,,,106.5123,,,,,,,,,,,,,,,,,,,,,,,,,,,,,,,,
3305,,,,,,,,,,,,106.655235,,,,,,,,,,,,,,,,,,,,,,,,,,,,,,,,
3306,,,,,,,,,,,,107.1008,,,,,,,,,,,,,,,,,,,,,,,,,,,,,,,,
3307,,,,,,,,,,,,106.49958,,,,,,,,,,,,,,,,,,,,,,,,,,,,,,,,
3308,,,,,,,,,,,,106.302216,,,,,,,,,,,,,,,,,,,,,,,,,,,,,,,,
3309,,,,,,,,,,,,107.1109,,,,,,,,,,,,,,,,,,,,,,,,,,,,,,,,
3310,,,,,,,,,,,,106.66796,,,,,,,,,,,,,,,,,,,,,,,,,,,,,,,,
3311,,,,,,,,,,,,106.48058,,,,,,,,,,,,,,,,,,,,,,,,,,,,,,,,
3312,,,,,,,,,,,,106.12625,,,,,,,,,,,,,,,,,,,,,,,,,,,,,,,,
3313,,,,,,,,,,,,106.202126,,,,,,,,,,,,,,,,,,,,,,,,,,,,,,,,
3314,,,,,,,,,,,,106.03103,,,,,,,,,,,,,,,,,,,,,,,,,,,,,,,,
3315,,,,,,,,,,,,105.87093,,,,,,,,,,,,,,,,,,,,,,,,,,,,,,,,
3316,,,,,,,,,,,,106.97404,,,,,,,,,,,,,,,,,,,,,,,,,,,,,,,,
3317,,,,,,,,,,,,106.77767,,,,,,,,,,,,,,,,,,,,,,,,,,,,,,,,
3318,,,,,,,,,,,,106.13325,,,,,,,,,,,,,,,,,,,,,,,,,,,,,,,,
3319,,,,,,,,,,,,106.23569,,,,,,,,,,,,,,,,,,,,,,,,,,,,,,,,
3320,,,,,,,,,,,,106.196815,,,,,,,,,,,,,,,,,,,,,,,,,,,,,,,,
3321,,,,,,,,,,,,106.09311,,,,,,,,,,,,,,,,,,,,,,,,,,,,,,,,
3322,,,,,,,,,,,,106.00596,,,,,,,,,,,,,,,,,,,,,,,,,,,,,,,,
3323,,,,,,,,,,,,105.47167,,,,,,,,,,,,,,,,,,,,,,,,,,,,,,,,
3324,,,,,,,,,,,,105.77475,,,,,,,,,,,,,,,,,,,,,,,,,,,,,,,,
3325,,,,,,,,,,,,105.69839,,,,,,,,,,,,,,,,,,,,,,,,,,,,,,,,
3326,,,,,,,,,,,,106.022896,,,,,,,,,,,,,,,,,,,,,,,,,,,,,,,,
3327,,,,,,,,,,,,106.01776,,,,,,,,,,,,,,,,,,,,,,,,,,,,,,,,
3328,,,,,,,,,,,,105.91855,,,,,,,,,,,,,,,,,,,,,,,,,,,,,,,,
3329,,,,,,,,,,,,105.79419,,,,,,,,,,,,,,,,,,,,,,,,,,,,,,,,
3330,,,,,,,,,,,,105.62972,,,,,,,,,,,,,,,,,,,,,,,,,,,,,,,,
3331,,,,,,,,,,,,105.9347,,,,,,,,,,,,,,,,,,,,,,,,,,,,,,,,
3332,,,,,,,,,,,,105.712616,,,,,,,,,,,,,,,,,,,,,,,,,,,,,,,,
3333,,,,,,,,,,,,106.03658,,,,,,,,,,,,,,,,,,,,,,,,,,,,,,,,
3334,,,,,,,,,,,,105.68772,,,,,,,,,,,,,,,,,,,,,,,,,,,,,,,,
3335,,,,,,,,,,,,105.200264,,,,,,,,,,,,,,,,,,,,,,,,,,,,,,,,
3336,,,,,,,,,,,,105.977806,,,,,,,,,,,,,,,,,,,,,,,,,,,,,,,,
3337,,,,,,,,,,,,105.71276,,,,,,,,,,,,,,,,,,,,,,,,,,,,,,,,
3338,,,,,,,,,,,,105.438866,,,,,,,,,,,,,,,,,,,,,,,,,,,,,,,,
3339,,,,,,,,,,,,105.682274,,,,,,,,,,,,,,,,,,,,,,,,,,,,,,,,
3340,,,,,,,,,,,,105.72715,,,,,,,,,,,,,,,,,,,,,,,,,,,,,,,,
3341,,,,,,,,,,,,105.35613,,,,,,,,,,,,,,,,,,,,,,,,,,,,,,,,
3342,,,,,,,,,,,,105.04093,,,,,,,,,,,,,,,,,,,,,,,,,,,,,,,,
3343,,,,,,,,,,,,105.215706,,,,,,,,,,,,,,,,,,,,,,,,,,,,,,,,
3344,,,,,,,,,,,,105.29919,,,,,,,,,,,,,,,,,,,,,,,,,,,,,,,,
3345,,,,,,,,,,,,105.01394,,,,,,,,,,,,,,,,,,,,,,,,,,,,,,,,
3346,,,,,,,,,,,,105.118355,,,,,,,,,,,,,,,,,,,,,,,,,,,,,,,,
3347,,,,,,,,,,,,105.200005,,,,,,,,,,,,,,,,,,,,,,,,,,,,,,,,
3348,,,,,,,,,,,,105.50495,,,,,,,,,,,,,,,,,,,,,,,,,,,,,,,,
3349,,,,,,,,,,,,104.968056,,,,,,,,,,,,,,,,,,,,,,,,,,,,,,,,
